S.No,Item name,Brand_Name,Category,Sub_Category,Ingredients,Serving_Size_g,Calories_kcal,Carbohydrates_g,Proteins_g
1,HIDE & SEEK® ,PARLE,BISCUIT,COOKIES,"REFINED WHEAT FLOUR (MAIDA), CHOCOLATE (23%)  SUGAR, COCOA SOLIDS, COCOA BUTTER, DEXTROSE, EMULSIFIER OF VEGETABLE ORIGIN (SOY LECITHIN) , ARTIFICIAL FLAVOURING SUBSTANCES - VANILLA CAKE, SUGAR, REFINED PALM OIL, INVERT SUGAR SYRUP, RAISING AGENTS 503 (ii ),RAISING AGENTS 500 (ii), IODISED SALT , EMULSIFIER OF VEGETABLE ORIGIN [ 472e]",100,479,73.4,5.9
2,Britannia Nutrichoice Digestive High-Fibre Biscuits,BRITANNIA,BISCUIT,DIGESTIVE BISCUIT,"WHEAT FLOUR (ATTA) (65.5%), REFINED PALM OIL, SUGAR, WHEAT BRAN (2.6%), MALTODEXTRIN, MILK SOLIDS , WHEY POWDEr, INVERT SUGAR SYRUP, RAISING AGENTS 503(ii),RAISING AGENTS 500(ii), IODISED SALT, EMULSIFIERS 322(i) ,EMULSIFIERS 471 , MALT ,EXTRACT, NATURE IDENTICAL & ARTIFICIAL (VANILLA CAKE) FLAVOURING SUBSTANCES , DOUGH CONDITIONER [223]",100,483,68,9.3
3,"Sunfeast Dark Fantasy Choco Fills, Original Filled Cookies with Choco Crème",SUNFEAST,BISCUIT,CHOCO FILLS," SUGAR, REFINED PALMOLEIN, REFINED PALM OIL, COCOA SOLIDS, EMULSIFIER [LECITHIN (FROM SOYABEAN)], NATURE IDENTICAL FLAVOURING SUBSTANCES (CHOCOLATE), ARTIFICIAL FLAVOURING SUBSTANCES (VANILLA CAKE), MAIDA (REFINED WHEAT FLOUR), HYDROGENATED VEGETABLE OIL, INVERT SYRUP, LIQUID GLUCOSE, RAISING AGENTS INS 503(ii),RAISING AGENTS INS 500(ii),RAISING AGENTS INS 450(i), COCOA SOLIDS (0.7%), BUTTER, MILK SOLIDS, IODIZED SALT, NATURE IDENTICAL FLAVOURING SUBSTANCES (*MILK CHOCOLATE), COLOURS INS 150c,COLOURS  INS 150d, EMULSIFIERS LECITHIN (FROM SOYABEAN), MONO AND DIGLYCERIDES OF FATTY ACIDS (FROM PALM OIL), ARTIFICIAL FLAVOURING SUBSTANCES MILK,ARTIFICIAL FLAVOURING SUBSTANCES VANILLA CAKE",100,507,61.1,7.3
4,Sunfeast Baked Creations Rich Choco Chip Cookies,SUNFEAST,BISCUIT,COOKIES,"MAIDA (REFINED WHEAT FLOUR), DARK CHOCOLATE CHIPS (24.8%), BELGIUM DARK CHOCOLATE( 0.1%), SUGAR, COCOA SOLIDS, COCOA BUTTER, DEXTROSE, EMULSIFIER [LECITHIN (FROM SOYABEAN)], ARTIFICIAL FLAVOURING SUBSTANCES (VANILLA CAKE), SUGAR, REFINED PALMOLEIN, REFINED PALM OIL, COCOA SOLIDS, EMULSIFIER (LECITHIN (FROM SOYABEAN)], NATURE IDENTICAL FLAVOURING SUBSTANCES, ARTIFICIAL FLAVOURING SUBSTANCES (VANILLA CAKE)), HYDROGENATED VEGETABLE OIL,  BUTTER, REFINED PALM OIL, MILK SOLIDS, COCOA SOLIDS (0.6%),LIQUID GLUCOSE, RAISING AGENTS INS 500(ii),RAISING AGENTS INS 503(1),RAISING AGENTS INS 450(1), ARTIFICIAL FLAVOURING SUBSTANCES CHOCOLATE,ARTIFICIAL FLAVOURING SUBSTANCES COCOA, ARTIFICIAL FLAVOURING SUBSTANCES SWEET, ARTIFICIAL FLAVOURING SUBSTANCES VANILLA CAKE, EMULSIFIER [MONO AND DIGLYCERIDES OF FATTY ACIDS (FROM PALM OIL), IODIZED SALT, COLOUR (INS 150c)",20,105,12.6,1.2
5,"sunfeast Dark Fantasy Bourbon, Classic Biscuit Made With Real Chocolate",SUNFEAST,BISCUIT,CREAME,"Cocoa Solids (2.3%), Emulsifiers lecithin (from Soyabean), mono- and Di-Glycerides of Fatty Acids (from Palm Oil), Polyglycerol Esters of Interesterified Ricinoleic Acid (from Castor Bean), Iodised Salt, Milk Solids,Cocoa Butter, Cocoa Solids, Emulsifiers [lecithin (from Soyabean)], Sugar, Raising Agents ins 450(i), Raising Agents ins 500(ii), Raising Agents ins 503(ii)], Refined Palm Oil, Refined Wheat Flour (Maida), Starch, Sugar (32.3%), Artificial Flavouring Substances - VANILLA CAKE",108,445,77.4,9.1
6,Britannia Good Day Cashew Cookies Family Pack,BRITANNIA,BISCUIT,COOKIES,"Added Flavours (Nature Identical and Artificial - Milk and VANILLA CAKE), Butter (0.6%), Cashew Nuts (4.5%), Edible Vegetable Oil (Palm), Emulsifiers (322, 471, 472e), Iodised Salt, Invert Syrup, Milk Solids, Raising Agents (503(ii) & 500(ii)), Refined Wheat Flour (Maida), Sugar",100,512,67,7
7,The Baker's Dozen Zero Maida Coconut and Oats Biscuits Cookies,THE BAKER'S DOZEN,BISCUIT,COOKIES,"Artificial Flavouring Substance (VANILLA CAKE), Butter, Custard Powder, Desiccated Coconut (16%), Liquid Glucose, Milk Solids, Oats (8%), Raising Agents INS 500(ii), Raising Agents INS 503, Sugar, Wholewheat Flour (Atta)",100,538,56,10
8,Britannia The Original Bourbon,BRITANNIA,BISCUIT,CREAME,"Refined Wheat Flour, Sugar, Refined Palm Oil, Edible Maize Starch, Cocoa Solids, Milk Solids, Raising Agents, Nature Identical, Artificial Flavouring Substances VANILLA CAKE, Artificial Flavouring Substances Chocolate Milk,Artificial Flavouring Substances  Milky Cocoa, Emulsifiers 471  Emulsifiers 322(i), Iodised Salt",100,493.5,72.7,5
9,Nutrisum Oats Cookies,NUTRISUM,BISCUIT,COOKIES,"Oats Flour (25%), Wheat Flour (Atta) (25%), Hydrogenated Vegetable Fat,  Cashew 5%, Almonds 2%, Pistachio 1%, Fructo Oligosaccharides, Sweeteners INS 965(I), Sweeteners INS 955, Milk Solids, Raising Agents INS 500(Ii),Raising Agents INS 503(Ii), Salt, Natural,  Nature Identical Flavouring Substances",100,516.9,15.4,8.2
10,Britannia Good Day Pista Badam,BRITANNIA,BISCUIT,COOKIES,"Refined Wheat Flour (Maida), Sugar, Edible Vegetable Oil, Cashew, Almonds, Pista, Milk Solids, Butter, Iodised Salt, Nature Identical Artificial Flavouring Substances- VANILLA CAKE",100,512,67,7
11,Britannia Treat Jimjam Cream Biscuits,BRITANNIA,BISCUIT,CREAME,"Refined Wheat Flour (Maida), Sugar, Refined Palm Oil, Interesterified Vegetable Fat, Invert Sugar Syrup, Dextrose, Milk Solids, Edible Starch, Maltodextrin, Fruit Products, Iodised Salt, Emulsifiers, Raising Agents, Gelling Agent, Acidity Regulators, Artificial Flavouring Substances Mixed Fruit,Artificial Flavouring Substances  Butter, Artificial Flavouring Substances VANILLA CAKE",100,483,73,5
12,UNIBIC Danish Coconut Cookies,UNIBIC,BISCUIT,COOKIES,"Desiccated Coconut Powder (30%), Edible Vegetable Oil (Palm), Emulsifier INS 322 , Golden Syrup, Iodised Salt, Leavening Agents INS 500 ii, Leavening Agents INS 503 ii, Milk Solids, Refined Wheat Flour (Maida), Sugar",100,532,60.3,6.5
13,Orion Choco Pie - Chocolate Coated Soft Biscuit,ORION,BISCUIT,PIE,"Ammonium Hydrogen Carbonate (e503ii), Carob Bean Gum (E410), Carrageenan (E407), Cocoa Mass, Cocoa Powder, Dextrose Monohydrate, Glucose Syrup, Hydrolysed Pea Protein, Milk Solids, Monocalcium Orthophosphate (E3411), Non Hydrogenated Vegetable Fat, Pectin (E440), Salt, Sodium Hydrogen Carbonate (e500ii), Soy Lecithins (E3221), Sugar, Vanillin Powder (artificial Flavor),palm Oil, Fully Hydrogenated Coconut Oil, Wheat Flour, Xanthan Gum (E415)",100,437.2,69.8,3.8
14,Britannia Nutrichoice Oats Cookies Diabetic Friendly,BRITANNIA,BISCUIT,COOKIES,"Almonds (2%), Dough Conditioner (223), Emulsifiers 322 (I), Emulsifiers 471,Emulsifiers 472E, Artificial (VANILLA CAKE) Flavouring Substances, Foxtail Millet Flour (1%), Inulin, Little Millet Flour (1%), Maltodextrin, Milk Solids, Raising Agents 450 (0), Raising Agents 503 (II),Raising Agents 500 (II), Refined Palm Oil, Rolled Oats (7%), Soya Protein Isolate, Sweeteners 965 (I),Sweeteners 955, Vitamins*, Wheat Flour (Atta) (53%), Oats Fibre (1%), Iodised Salt, Minerals*",100,464,68.6,9.4
15,Nutrisum Oats Cookies,NUTRISUM,BISCUIT,COOKIES,"Oats Flour, Wheat Flour (Atta), Hydrogenated Vegetable Fat, Fructo Oligosaccharides, Sweeteners INS 965(i), Sweeteners INS 955, Milk Solids, Cocoa Solids, Raising Agents INS 500(ii), Raising Agents INS 503(ii), Salt",100,503.2,56.6,12.2
16,Britannia Nice Time Biscuit,BRITANNIA,BISCUIT,BISCUIT,"Artificial Flavouring Substances Coconut, Artificial Flavouring Substances VANILLA CAKE, Coconut Products (4.5%), Edible Maize Starch, Emulsifiers 322(i), Emulsifiers 471, Emulsifiers 472e, Iodised Salt, Invert Sugar Syrup, Milk Solids, Raising Agents 503(ii),  Raising Agents 500(ii),  Raising Agents450(i), Refined Palm Oil, Refined Wheat Flour (Maida), and Sugar",100,463,76,6
17,Britannia Good Day Pista Badam Cookies,BRITANNIA,BISCUIT,COOKIES,"Refined Wheat Flour (Maida), Sugar, Edible Vegetable Oil, Cashew, Almonds, Pista, Milk Solids, Butter, Iodised Salt, Nature Identical and Artificial Flavouring Substances- VANILLA CAKE",100,512,67,7
18,Sunfeast Cheese Wowzers,SUNFEAST,BISCUIT,CRACKER,"MAIDA (REFINED WHEAT FLOUR),SUGAR, INTERESTERIFIEDVEGETABLE FAT, MILK SOLIDS,MILK SOLIDS,MALTODEXTRIN, SALT, REFINED PALM OIL CHEESE POWDER(0.05%),ANTICAKING AGENT (INS 551), STABILIZER (INS 339(ii)),FLAVOUR ENHANCER (INS 635),SPICE EXTRACTI, IODIZED SALT,EMULSIFIER [LECITHIN (FROM SOYABEAN), POLYGLYCEROLESTERS OF INTERESTERIFIED RICINOLEIC ACID (FROM CASTOR OIL)I, NATURE IDENTICAL FLAVOURING SUBSTANCES, REFINED PALM OIL SUGAR, REFINED PALMOLEIN, MARGARINE, LIQUID GLUCOSE, STARCH, WHEAT GLUTEN, RAISING AGENTS INS 503(1),RAISING AGENTS INS 500(i), IODIZED SALT, MALT EXTRACT, MILK SOLIDS, ARTIFICIAL FLAVOURING SUBSTANCES (CHEESE), DRIED YEAST, EMULSIFIER [MONO AND DIGLYCERIDES OF FATTY ACIDS (FROM PALM OIL)], NATURE IDENTICAL FLAVOURING SUBSTANCES, FLOUR TREATMENT AGENT (INS 223).",100,509,65.4,9.1
19,Ragi Kaju Pista Cookies,LET'S TRY,BISCUIT,COOKIES,"Artificial Flavouring Substances Butter, Artificial Flavouring Substances Cashew, Brown Sugar, Cashew, Corn Flour, Glucose, Honey, Hydrogenated Vegetable Fat, Milk Solids, Pistachios, Raising Agent (INS 503), Ragi Flour, and Wheat Flour",100,488.55,63.38,9.55
20,Britannia Little Hearts Classic Crunch Biscuits,BRITANNIA,BISCUIT,BISCUIT,"Edible Vegetable Oils (Palm), Emulsifier (322), Iodised Salt, Milk Solids, Raising Agents 500(Ii),Raising Agents 503(Ii), Refined Wheat Flour (Maida), Sugar (23%), and Yeast",100,486,70,7.4
21,Britannia Good Day Butter Jeera Cookies,BRITANNIA,BISCUIT,COOKIES,"Butter (1.4%), Emulsifiers 322(i), Emulsifiers 471 ,Emulsifiers  472e, Iodised Salt, Invert Sugar Syrup, Milk Solids, Natural And Nature-Identical Flavoring Substances, Raising Agents 500(ii), Raising Agents 503(ii) , Raising Agents  450(i), Refined Palm Oil, Refined Wheat Flour (Maida), Cumin 2.4% ,Ajwain, Sugar",100,506,68.2,6.4
22,UNIBIC Choco Chip Cookies,UNIBIC,BISCUIT,COOKIES,"Refined Wheat Flour (Maida), Sugar, Chocolate Chips (21%), Edible Vegetable Oil (Palm), Desiccated Coconut, Butter, Milk Solids, Leavening Agents INS 500(ii),Leavening Agents INS 503(ii), Iodised Salt, Emulsifier INS 322 From Soy,  Nature Identical and Artificial Flavouring Substances Butter, Nature Identical and Artificial Flavouring Substances  Vanillin, Nature Identical and Artificial Flavouring Substances Chocolate",100,471,68,5.8
23,Britannia Milk Bikis Biscuits,BRITANNIA,BISCUIT,BISCUIT,"Refined Wheat Flour (Maida), Sugar, Refined Oil, Invert Sugar Syrup, Raising Agents, Milk Solids, Iodised Salt, Vitamins, Calcium Salt, Nature and Artificial Flavour- Milk",100,500,68.5,7
24,Sunfeast Baked Creations Walnut & Choco Chip Cookies,SUNFEAST,BISCUIT,COOKIES,"Dark Chocolate Chips (26.7%), Sugar, Cocoa Solids, Cocoa Butter, Dextrose, Emulsifier (Lecithin (from Soyabean)), Artificial Flavouring Substances (VANILLA CAKE), Maida (Refined Wheat Flour), Hydrogenated Vegetable Oil, Oats Flour, Sugar, Walnut Bits (8.5%), Choco Creme (3.9%), Rolled Oats, Refined Palm Oil, Butter, Milk Solids, Raising Agents INS 500(ii),Raising Agents INS 503(ii),Raising Agents INS 450(i), Emulsifier (Mono and Diglycerides of Fatty Acids (from Palm Oil)), Artificial Flavouring Substances Chocolate, Artificial Flavouring Substances Cocoa, Artificial Flavouring Substances  Sweet, Artificial Flavouring Substances  VANILLA CAKE, Iodized Salt, Colour (INS 150a)",100,535,57.9,7.4
25,"Ritebite Max Protein Cookie Choco Almond, Sugar Free Premium Biscuit Cookies",MAX PROTEIN,BISCUIT,COOKIES,"Almond Bits (8%), Antioxidant (Rosemary Extract), Binding Agents Xanthan Gum,Binding Agents Gum Acacia, Cocoa Powder, Dietary Fiber (Fructo-oligosaccharide), Emulsifiers (Soy Lecithin), Humectant (Glycerine), Leavening Agent (Baking Powder), Millets,Wheat Flour, Corn Flour, Oats Flour, Ragi Flour, Quinoa Flour, Amaranth Puffs, Roasted Chick Pea Flour, High Protein Peanut Flour, Wheat Protein, Soy Protein Isolate, Whey Protein Concentrate, Psyllium Husk, Rice Bran Oil, Salt, Sweetener (Sucralose),  Tricalcium Phosphate",100,278,22.1,12
26,Britannia Good Day Chunkies Chocochip Cookie,BRITANNIA,BISCUIT,COOKIES,"Butter, Cocoa Solids (0.4%), Dark Chocolate Chips (20%), Cocoa Butter, Cocoa Solids, Dextrose, Emulsifier (INS322(I), Natural Flavouring Substances, Sugar, Emulsifiers INS322(I), Emulsifiers INS 471, Artificial (VANILLA CAKE) Flavouring Substances, Interesterified Vegetable Fat, Invert Sugar Syrup, Liquid Glucose, Milk Chocolate Chips (4%), Cocoa Butter, Cocoa Solids, Dextrose, Emulsifier (INS322(I)), Milk Solids, Milk Solids, Oats Powder, Raising Agents INS341(I),Raising Agents  INS450(I), Raising Agents INS500(II),Raising Agents INS503(II), Refined Wheat Flour (Maida), Sugar, Iodised Salt",100,512,64,68
27,Britannia Nutrichoice Almond and Oats Milk Biscuits,BRITANNIA,BISCUIT,BISCUIT,"Almonds (5%), Colour (150d), Emulsifiers 322(i),Emulsifiers 471,Emulsifiers 472e, Artificial (Milk & Butter), Iodised Salt, Invert Sugar Syrup, Liquid Glucose, Maltodextrin, Milk Solids (1.6%), Oats Fibre (0.8%), Raising Agents 500(ii),Raising Agents 503(ii), Raising Agents 450(i], Refined Palm Oil, Rolled Oats (14.3%), Sugar, Wheat Bran (2.4%), Wheat Flour (Atta) (41.7%)",100,478,68.5,8
28,Orion Mango Choco Pie,ORION,BISCUIT,PIE,"Acidity Regulator (ins 341(i)), Acidity Regulators ins 330,Acidity Regulators ins 334, Choco Covering (21%) ,Cocoa Solids, Emulsifier (ins 322), Hydrogenated Vegetable Fat, Liquid Glucose, Mango Filling (9.3%) ,Acidity Regulators ins 330 ,Acidity Regulators  ins 334, Mango Pulp (40%), Nature-Identical Flavour (mango), Preservatives ins 211,Preservatives ins 202, Stabilizer (ins 415), Sugar, Liquid Glucose, Colour (ins 102), Dextrose, Edible Common Salt, Humectant (ins 422), Hydrogenated Vegetable Fat, Nature Identical Flavour (vanillin), Preservatives ins 202, Preservatives  ins 281, Raising Agents ins 500(ii), Raising Agents ins 503(i), Refined Wheat Flour (maida), Stabilizers ins 407,Stabilizers ins 440,Stabilizers ins 415,Stabilizers  ins 410",100,417,42,10.5
29,Sunfeast Baked Creations French Style Butter Delice Cookies,BAKED CREATIONS,BISCUIT,COOKIES,"Maida (refined wheat flour), butter (24.2%), sugar, milk solids, iodized salt, raising agent [503], emulsifier [lecithin (from soybean)]",100,506,65.7,7
30,UNIBIC Choco Nut Cookies,UNIBIC,BISCUIT,COOKIES,"Refined Wheat Flour (Maida), Sugar, Edible Vegetable Oil (Palm), Chocolate Chips (5%), Cashew Bits (4%), Cocoa Powder, Milk Solids, Leavening Agents INS 503 ii, Leavening Agents  INS 500 ii, Emulsifier (INS 322 from Soy), Iodised Salt, Artificial Flavouring Substance (Vanillin)",100,464,67,6.5
31,UNIBIC Cashew Badam Cookies,UNIBIC,BISCUIT,COOKIES,"Artificial Flavouring Substances Saffron,Artificial Flavouring Substances Cashew, Artificial Flavouring Substances Almond ,Artificial Flavouring Substances Milk, Dry Nuts (1%) (Almond and Cashew), Edible Vegetable Oil (Palm), Emulsifiers INS 322 from Soy,Emulsifiers  INS 472e, Golden Syrup, Iodised Salt, Leavening Agents INS 503(ii), Leavening Agents INS 500(ii), Milk Solids, Refined Wheat Flour (Maida), Sugar",100,487,66,5.5
32,Britannia Nutrichoice Oats Orange & Almond Biscuits,BRITANNIA,BISCUIT,BISCUIT,"Almonds (3%), Butter, Colour (150D), Emulsifiers 322(i),Emulsifiers  471, Emulsifiers 472e, Iodised Salt, Invert Sugar Syrup, Liquid Glucose, Maltodextrin, Milk Solids, Natural and Nature Identical Flavouring Substances, Oats Fibre (0.8%), Orange Peel (0.5%), Orange Powder (0.1%), Raisins, Raising Agents 500(Ii),Raising Agents 503(Ii) ,Raising Agents 450(I), Refined Palm Oil, Rolled Oats (14%), Sugar, Wheat Bran (2.3%), Wheat Flour (Atta) (41.5%)",100,471,70.3,7.8
33,Dukes Nice Biscuits,DUKES,BISCUIT,BISCUIT,"Refined Wheat Flour (Maida), Sugar, Refined Palm Oil, Sprinkled Sugar (4.7%), Desiccated Coconut (3.8%), Invert Syrup, Milk Solids, Raising Agent 503(ii),Raising Agent 500(ii), Iodized Salt, Emulsifiers 471, Emulsifiers  322",100,453.4,73.6,7.4
34,Parle Hide & Seek Cafe Mocha Cookies,PARLE,BISCUIT,COOKIES,"Artificial Flavouring Substances - VANILLA CAKE, Chocolate (21%) [Cocoa Butter, Cocoa Solids, Dextrose, Emulsifier Of Vegetable Origin (Soya Lecithin), Sugar], Coffee and Chicory Mixture (1%), Emulsifier Of Vegetable Origin (Diacetyltartaric and Fatty Acid Esters Of Glycerol), Invert Sugar Syrup, Iodised Salt, Raising Agents 500(Ii), Raising Agents  503(Ii), Refined Palm Oil, Refined Wheat Flour (Maida),  Sugar",100,478,73.6,5.8
35,UNIBIC Fruit & Nut cookie,UNIBIC,BISCUIT,COOKIES,"Butter, Date Syrup, Dry Fruits (8%) ,Blackcurrant, Papaya Cubes, Sugar, Acidity Regulator (INS 330)}, Cranberry, Edible Vegetable Oil (Palm), Emulsifier (INS 322 from Soy), Iodised Salt, Leavening Agents  INS 503(ii),Leavening Agents  INS 500(ii), Liquid Glucose, Milk Solids, Nuts (4%) , Cashew Bits, Almond Bits, Refined Wheat Flour (Maida), Clove and Nutmeg, Sugar",100,448.6,63,6.4
36,Cadbury Chocobakes ChocoChip Cookies,OREO,BISCUIT,COOKIES,"Refined wheat flour (maida), milk chocolate chips, sugar, cocoa butter, milk solids, cocoa solids, dextrose, emulsifiers (442),  natural identical and artificial VANILLA CAKE ,natural identical and artificial caramel , palmolein, invert sugar, raising agents 503(ii), raising agents 500(ii),  raising agents 450(i), iodised salt, emulsifier (322)",100,466,69.3,7.2
37,Mom's Magic Rich Cashew Almond Cookies | Mom's Favorite Baked Cookies,SUNFEAST,BISCUIT,COOKIES,"Almond Flakes (1.9%), Butter, Cashew Bits (2.6%), Edible Common Salt,  Emulsifiers INS 471, Emulsifiers INS 322(i),Emulsifiers INS 472e, Flour Treatment Agent (INS 223), Invert Syrup, Milk Solids, Raising Agents Raising Agents INS 500(ii), Raising Agents INS 450(ii), Refined Palm Oil, Refined Wheat Flour (Maida),  Sugar",100,503,66.4,7.8
38,Britannia NutriChoice Chocolate and Almond Oats Biscuits,BRITANNIA,BISCUIT,BISCUIT,"Almond (1.6%), Butter, Chocolate Chips (8%) ,Cocoa Butter, Cocoa Solids, Dextrose, Sugar, Emulsifiers INS 322(I),Emulsifiers  INS 471,Emulsifiers  INS 472E,  Artificial Flavours - Chocolate,Artificial Flavours - Milk, Iodised Salt, Liquid Glucose, Maltodextrin, Milk Solids, Oats Fibre (1.6%), Raising Agents INS450,Raising Agents  INS500(1),Raising Agents  INS 503(11), Refined Palm Oil, Refined Wheat Flour (Maida), Rolled Oats (15%), Sugar, Wheat Bran, Wheat Flour (Atta) (18%)",100,490,68.3,7.2
39,Parle Happy Happy choco chip cookies,PARLE,BISCUIT,COOKIES,"Artificial Flavouring Substances - Chocolate, Choco Chips (8%) ,Sugar, Edible Vegetable Fat (Hydrogenated Oils), Cocoa Solids, Dextrose, Emulsifier of Vegetable Origin (Soya Lecithin) , Artificial Flavouring Substances (VANILLA CAKE), Cocoa Solids (2%), Emulsifier of Vegetable Origin (472e), Invert Sugar Syrup, Iodised Salt, Permitted Natural Food Colour (150d), Raising Agents 503(ii),Raising Agents 500(ii), Refined Palm Oil, Refined Wheat Flour (Maida), and Sugar",100,489,71.3,5.8
40,Malkist Cheese Crunchy Layered Crackers,MALKIST,BISCUIT,CRACKER,"Refined Wheat Flour, Edible Vegetable Oil (Palmolein Oil-contains Antioxidant (BHA), Sugar (15.8%), Whey Powder, Glucose Syrup, Milk Solids (1.67%) (SMP), Cheese Powder (Cheese, Maltodextnn) (1.62%), Tapioca Starch, Leavening Agent E503(), Leavening Agent E500(ij), Edible Common Salt, Bakers Yeast, Malt Extract (0.42%), Butter, Emulsifier (Soy Lecithin E322)), Emulsifier Vitamin Premix (Thiamine Mononitrate), Emulsifier Riboflavin, Emulsifier Pyridoxine Hydrochlonde, Emulsifier Cyanocobalamin, Permitted Synthetic Food Colour E102,Permitted Synthetic Food Colour  E110, Artificial Flavouning Substance (Cheese)",100,488,66.4,7.6
41,Karachi Bakery Osmania Biscuits,KARACHI BAKERY,BISCUIT,BISCUIT,"Farine De Blé Raffinée (Refined Wheat Flour), Graisses Végétales Hydrogénées (Palm) (Hydrogenated Vegetable Fats), Lait Et Solides De Lait (Milk, Milk Solids), Sel (Salt), Sucrose (Sugar)",100,310,42,4
42,UNIBIC Biscot Caramel Atta Biscuit,UNIBIC,BISCUIT,BISCUIT,"Whole Wheat Flour (Atta), Sugar, Edible Vegetable Oil (Palm), Candy Sugar Syrup (5%) ,Sugar, Milk Solids, Glucose Syrup, Raising Agents Ins 500 Ii, Raising Agents  Ins 503 Ii, Emulsifier (Ins 322 From Soy), Iodised Salt, Natural Food Colour (Ins 150D), Flavour (Nature Identical and Artificial Flavouring Substance) (Caramel), Cinnamon Powder (0.1%)",100,470,71,6
43,Haldirams Cookie Heaven Badam Pista Cookies,HALDIRAMS,BISCUIT,COOKIES,"Refined Wheat Flour (Maida) (44.4%), Hydrogenated Vegetable Oil Palm,  Hydrogenated Vegetable Oil Soyabean, Hydrogenated Vegetable Oil  Sunflower,  Hydrogenated Vegetable Oil Sesame, Sugar, Almonds (4.2%), Milk Solids, Pistachio (14%), VANILLA CAKE  Flavour, Saffron Flavour, Acidity Regulators (Ammonium Bicarbonate (E503(I)), Sodium Bicarbonate (E500(i)), Iodized Salt, Emulsifier (Soya Lecithin (E322(i))), Cardamom Powder, Permitted Food Colour (FDSC YELLOW NO 5 & 6)",100,549,56.2,9.5
44,Haldirams Cookie Heaven Jeera Cookies,HALDIRAMS,BISCUIT,COOKIES,"Refined Wheat Flour (35.5%), Hydrogenated Vegetable Oil Palm, Hydrogenated Vegetable Oil  Soyabean,Hydrogenated Vegetable Oil   Sunflower, Hydrogenated Vegetable Oil  Sesame, Milk Solids, Sugar, Butter, Whole Cumin, Salt, Custard Powder, Acidity Regulators (Ammonium Bicarbonate (E503 (ii))), VANILLA CAKE Flavour, Acidity Regulators (Sodium Bicarbonate (E500 (ii))) , Emulsifier (Soya Lecithin (E322 (i)))",100,549.7,56.6,6.7
45,"Ritebite Max Protein Cookie Choco Chips, No Maida Multigrain Premium Biscuit Cookies",MAX PROTEIN,BISCUIT,COOKIES,"Binding Agent (Gum Acacia),Binding Agent( Xanthan Gum), Cocoa Powder, Compound Chips (16%) ,Sugar, Edible Vegetable Fat (Hydrogenated), Cocoa Solids, Dextrose and Emulsifier (INS322(i) - Lecithin of Soya Origin)), Condensed Milk, Dietary Fiber (Fructooligosaccharide), Edible Vegetable Oil (Bakery Shortening), Emulsifier INS471, Emulsifier INS472e , High Protein Peanut Flour, Humectant (Glycerine), Invert Sugar, Leavening Agent (Baking Soda), Wheat Flour, Oats Flour, Quinoa Flour, Bengal Gram Flour, Ragi Flour, Corn Flour, Amaranth Puff), Protein Blend (25%) ,High Protein Peanut Flour, Whey Protein Concentrate, Wheat Protein, Soy Protein Concentrate, Salt, Sugar Powder,  Tribasic Calcium Phosphate",100,263,24.8,10
46,"Ritebite Max Protein Cookie Trail Mix, No Maida Multigrain Premium Biscuit Cookies",MAX PROTEIN,BISCUIT,COOKIES,"Protein Blend 25%, High Protein Peanut Flour, Wheat Protein, Soy Protein Isolate, Whey Protein Concentrate, Edible Vegetable Fat (Hydrogenated), Rice Bran Oil, Invert Syrup, Condensed Milk, Dietary Fiber (Fructooligosaccharide),Dietary Fiber( Gum Acacia),  Wheat, Corn, Oats, Ragi, Quinoa, Amaranth, Roasted Chickpea, Raisins(4%), Sugar, Butterscotch PUFFS, Cranberries(2%), Cashew Nuts(3%), Humectant (Glycerine), Dried Black Currants(2%), Leavening Agent (Baking Powder), Tricalcium Phosphate, Emulsifiers INS471,Emulsifiers INS472e,Emulsifiers INS322(i), Soy Lecithin, Salt, Antioxidant(Rosemary Extract)",100,239,25.3,10
47,The Baker's Dozen Cookies Choco Chip Flavoured Biscuits Cookies,THE BAKER'S DOZEN,BISCUIT,COOKIES,"Butter, Dark Chocolate Chip, Raising Agent, Refined Wheat Flour, Sugar, Added Artificial Flavour VANILLA CAKE",100,500,61,10
48,CookieMan Almond Finger Cookies,COOKIEMAN,BISCUIT,COOKIES,"Refined Wheat Flour (Maida), Butter (18%), Sugar, Almond Nuts (14%),Partially Hydrogenated Vegetable Fat - Palm,Partially Hydrogenated Vegetable Fat Palm Kernel Oil, Partially Hydrogenated Vegetable Fat Palmolein, Milk Solids (3%), Invert Syrup, Liquid Glucose, Raising Agent (INS 500(ii)), Iodised Salt, Preservative INS 202, Preservative INS200, Antioxidant (INS 320)",100,492.3,48.3,7.8
49,"Sunfeast Dark Fantasy Choco Chip, Biscuit Made With Deliciously Rich Chocolate",SUNFEAST,BISCUIT,BISCUIT," Cocoa Butter, Cocoa Solids, Colours ins 150d, Colours ins 1500, Dark Chocolate Chips (21%) ,Cocoa Butter, Cocoa Solids, Dextrose, Emulsifier (lecithin (from Soyabean), Sugar, Artificial Flavouring Substances (VANILLA CAKE), Emulsifier (diacetyl Tartaric and Fatty Acid Esters of Glycerol (from Sunflower and Palm Oil)), Flour Treatment Agent (ins 223), Iodised Salt, Invert Syrup, Raising Agents ins 450 (1),Raising Agents  ins Soo (), Raising Agents ins Sos (1), Refined Palm Oil, Refined Wheat Flour (maida), Sugar, Sulphites, Contains Nuts, Contains Wheat, Contains Milk",100,480,71,7.3
50,The Baker's Dozen Dark Chocolate Flavoured Biscuits Cookies ,THE BAKER'S DOZEN,BISCUIT,COOKIES,"Dark Chocolate (31%), Refined Wheat Flour (Maida), Sugar, Milk Solids (Butter), Apple Cider Vinegar, Raising Agent (INS500(ii)), VANILLA CAKE Essence",100,480,66,7
51,Open Secret Zero Maida Assorted Chocolate Cookies,OPEN SECRET,BISCUIT,COOKIES,"Almonds (26%), Dark Compound (25%),Sugar, Edible Vegetable Fat(Hydrogenated), Cocoa Solids, Emulsifiers INS 491,Emulsifiers 322), Peanuts (22%), Rice Crisps (5%) ,Rice Flour, Sugar, Maize Starch, Malt Extract, Salt, Calcium Carbonate, Honey, Oligofructose, Sugar, Sunflower Oil, Liquid Glucose, Cocoa Powder, Antioxidant (INS 322), Edible Common Salt, Cocoa butter",100,57,7.8,1.29
52,Mcvitie's Digestive High Fibre Biscuits With Goodness Of Wholewheat,MCVITIES,BISCUIT,BISCUIT,"Refined Wheat Flour (Maida) (43.3%), Edible Vegetable Oil (Palm Oil), Wheat Flour (Atta) (15.3%), Sugar, Wheat Bran (2.5%), Invert Sugar Syrup, Raising Agents (INS 500(ii), Raising Agents INS 503(ii),Raising Agents INS 450(i), Oat Meal, Iodised Salt, Malt Extract, Acidity Regulator (INS 296), Dough Conditioner (INS 223)",100,470,70.6,7.9
53,Malkist Double Chocolatey Crunchy Layered Crackers,MALKIST,BISCUIT,CRACKER,"Refined Wheat Flour, Edible Vegetable Oil (Palmolein Oil)-contains Antioxidant (BHA), Sugar (13.3%), Glucose Syrup, Milk Solids (4.729%) (SMP), Cocoa Powder (3.72%), Tapioca Starch, Leavening Agent E503(ii),Leavening Agent  E500(ii), Edible Common Salt, Baker's Yeast, Malt Extract (0.48%), Butter, Emulsifier (Soy Lecithin E322(i)), Vitamin Premix (Thiamine Mononitrate, Riboflavin, Pyridoxine Hydrochloride, Cyanocobalamin), Artificial Flavouring Substance (Chocolate)",100,488,66.4,7.6
54,CookieMan Choco Chunk Cookies,COOKIEMAN,BISCUIT,COOKIES,"Chocolate Dark Compound (30%), Sugar, Edible Vegetable Fat (Hydrogenated), Cocoa Solids, Emulsifier INS 322, Emulsifier INS 476, Refined Wheat Flour (Maida), Liquid Glucose, Cocoa Powder, Salt, Raising Agent (INS 500), Humectant (INS 420), Acidity Regulator (INS 450)",100,466,60,4.7
55,CookieMan Bhai Dooj Cookies & Chocolate Gift Box Hamper,COOKIEMAN,BISCUIT,COOKIES,"Wheat Flour, Sugar, Butter, Chocolate Chips, Cocoa Powder, Milk Solids, Raising Agents, Salt",100,484,64.3,6.2
56,Britannia Good Day Butter Cookies | Trans Fat-free,BRITANNIA,BISCUIT,BUTTER COOKIES,"Butter (2%), Edible Vegetable Oil (Palm), Iodised Salt, Invert Syrup, Milk Solids, Nature Identical and Artificial Flavouring Substances Butter,Nature Identical and Artificial Flavouring Substances VANILLA CAKE,Nature Identical and Artificial Flavouring Substances Milk, Refined Wheat Flour (Maida),  Sugar",100,494,67,7
57,"Open Secret Zero Maida Chocolate Millet Biscuit, Healthy Snacks with No Refined Sugar & No Palm Oil",OPEN SECRET,BISCUIT,MILLET COOKIES,"Antioxidant (INS 322), Bajra Flour, Cocoa Powder, Corn Flour, Edible Salt, Fructooligosaccharides, Jaggery Powder, Jowar Flour, Maltodextrin, Oat Flour, Ragi Flour, Rice Flour, Rising Agent INS 503(ii),  Rising Agent INS 500(ii), Rising Agent INS 450(i), Rising Agent  E575, Skimmed Milk Powder, Udid Flour, White Butter,  Whole Wheat Flour",100,79.5,8.6,1.2
58,Parle Hide & Seek Milano Choco Filled Hazelnut,PARLE,BISCUIT,CHOCOFILL,"Wheat Flour, Choco Hazelnut Crème (42%), Sugar, Refined Palmolein, Cocoa Solids, Hazelnut Paste (4%), Emulsifier of Vegetable Origin (Soy Lecithin), Artificial Flavouring Substances Chocolate, Artificial Flavouring Substances Hazelnut, Raising Agents 500 (i), Raising Agents 503 (ii), Iodised Salt",100,536,63.4,4.3
59,UNIBIC Sugar Free Multigrain Cookies,UNIBIC,BISCUIT,BUTTER COOKIES,"Butter (20%), Emulsifier (INS 322 from Soy), Iodised Salt, Leavening Agents INS 500 ii,  Leavening Agents INS 503 ii, Sweetener (INS 965 - Maltitol), Whole Wheat Flour (Atta)",100,444.4,65,6.3
60,Britannia Milk Bikis Biscuits,BRITANNIA,BISCUIT,BISCUIT,"Refined Wheat Flour (Maida) (63%), Sugar, Refined Palm Oil, Milk Products (4%) Sweetened Condensed Partly Skimmed Milk & Milk Solids, Invert Sugar Syrup, Raising Agents 503(Ii) ,Raising Agents  500(Ii), Iodised Salt, Emulsifiers 322(I) ,Emulsifiers 47, Minerals, Artificial Milk,Artificial VANILLA CAKE , Nature Identical Flavouring Substances, Vitamins",100,459,77.1,7.4
61,Open Secret Zero Maida Jeera Millet Biscuit,OPEN SECRET,BISCUIT,BISCUIT,"Antioxidant (INS 322), Bajra Flour, Corn Flour, Cumin Powder, Edible Common Salt, Fructooligosaccharides, Jaggery Powder, Jowar Flour, Maltodextrin, Oat Flour, Ragi Flour, Refined Sunflower Oil, Rice Flour, Rising Agent INS 503(ii),Rising Agent  INS 500(ii),Rising Agent INS 450(i), Rising Agent INS 575, Skimmed Milk Powder, Udid Flour, Unsalted Butter, Whole Cumin (2%),  Whole Wheat Flour",100,73.5,9.5,1.4
62,Palekar Buttery Shrewsbury Cookies,PALEKAR,BISCUIT,BUTTER COOKIES,"Iodised Salt, Leavening Agent 521, Leavening Agent 500(ii), Milk Solids, Pasteurised Butter (32%), Refined Wheat Flour (Maida), Sugar",100,550,66,7
63,The Baker's Dozen High Protein Peanut Butter Cookies Biscuits,THE BAKER'S DOZEN,BISCUIT,BUTTER COOKIES,"Peanut Butter (28%), Refined Wheat Flour (Maida), Sugar, Butter, Dark Chocolate (14%), Apple Cider Vinegar, Raising Agent (INS500(1))",100,557,49,12
64,CookieMan Ragi Millet Jaggery Cookies,COOKIEMAN,BISCUIT,COOKIES,"REFINED WHEAT FLOUR (MAIDA), EDIBLE VEGETABLE FAT [PARTIALLY HYDROGENATED VEGETABLE FAT, JAGGERY (12%), WHOLE WHEAT FLOUR (ATTA), JOWAR FLOUR, RAGI FLOUR, BUTTER, SESAME SEED, FLAX SEED, MILLET FLOUR , LIQUID GLUCOSE, RAISING AGENTS, INS 500(ii),RAISING AGENTS INS 503(ii), IODISED SALT, EMULSIFIER INS 472 (e),PRESERVATIVE INS 202, PRESERVATIVE INS 200), ANTIOXIDANT INS 320, ANTIOXIDANT INS 306,  NATURAL AND ARTIFICIAL SWEETENERS INS 965,NATURAL AND ARTIFICIAL SWEETENERS  INS 960",100,458,61,6
65,Parle-G Original Gluco Biscuits,PARLE,BISCUIT,BISCUIT,"Refined Wheat Flour (Maida) (68%), Sugar, Refined Palm Oil, Invert Sugar Syrup, Iodised Salt, Raising Agents 503(Ii),Raising Agents 500(Ii), Milk Solids, Flour Treatment Agent (1101(Ii)), Emulsifier Of Vegetable Origin (472E),  Artificial Flavouring Substances (VANILLA CAKE)",100,454,77.3,6.3
66,Parle Elaichi Rusk,PARLE,BISCUIT,RUSK,"Refined Wheat Flour (Maida) (68%), Sugar, Refined Palm Oil, Suji, Yeast, Iodised Salt, Wheat Gluten, Emulsifiers of Vegetable Origin 322, Emulsifiers of Vegetable Origin 481(i),Emulsifiers of Vegetable Origin  472e,Emulsifiers of Vegetable Origin  471, Wheat Fibre, Cardamom Seeds (0.08%), Antioxidant (300), Flour Treatment Agent (1100(i)), Contains Added Flavours (Artificial Flavouring Substances - Cardamom)",100,434,80.4,7.6
67,Britannia Pure Magic Choco Stars,BRITANNIA,BISCUIT,CREAME,"Refined Wheat Flour (maida), Refined Palm Oil, Sugar, Interesterified Vegetable Fat, Milk Products ,whey Powder, Milk Solids, Cocoa Powder 3.(4%), Dark Chocolate 2.(9%), Emulsifiers 322(i) ,Emulsifiers 476, Nature Identical vanillin ,Nature Identical ,Cocoa, Flovouring Substances, Invert Sugar Syrup, Raising Agents, Nature Identital & Artificial ethyl Venillin,Nature Identital & Artificial Milk Cocoa,Nature Identital & Artificial VANILLA CAKE & Condensed Milk, Iodised Salt,and Maize Starch , Emulsifier",100,529,64.7,6.3
68,Parle-G Gold Biscuit,PARLE,BISCUIT,GLUCOSE BISCUIT,"REFINED WHEAT FLOUR (MAIDA) (63%), SUGAR, REFINED PALM OIL, INVERT SUGAR SYRUP, SUGAR, CITRIC ACID, MILK SOLIDS (1%), IODISED SALT, RAISING AGENTS 503(i),RAISING AGENTS 500 (ii), FLOUR TREATMENT AGENT [1101 (ii)] , EMULSIFIER OF VEGETABLE ORIGIN [472e] ,GLUCOSE, LEVULOSE",100,462,75.9,6.7
69,Parle-G Royale,PARLE,BISCUIT,BISCUIT,"Emulsifier of Vegetable Add Origin (472E), Flour Treatment Agent (1101 (Ii)), Invert Sugar Syrup,Citric Acid, Sugar, Iodised Salt, Milk Solids, Palm Oil, Raising Agents 500 (Ii), Raising Agents 503 (Ii), Refined Wheat Flour (Maida) (62%), Sugar",100,464,74.5,6.5
70,Britannia Good Day Chunkies Coconut Cookies,BRITANNIA,BISCUIT,COCONUT COOKIES,"Butter, Coconut Products (16.5%) ,Coconut Milk Powder, Desiccated Coconut, Emulsifiers INS322(I),Emulsifiers  INS471,Emulsifiers   INS472E, Interesterified Vegetable Fat, Iodised Salt, Invert Sugar Syrup, Raising Agents INS500(II), Raising Agents INS503(II), Raising Agents INS450(I), Refined Wheat Flour (Maida), Sugar, Nature Identical Flavouring Substance",100,575,532.8,6.2
71,Parle Krackjack Sweet and Salty Biscuits,PARLE,BISCUIT,BISCUIT,"Refined Wheat Flour (Maida), Refined Oils (Palm and Palmolein), Sugar (17%), Raising Agents INS 503(ii), Raising Agents INS 500(i),Raising Agents  INS 341(i), Invert Sugar Syrup, Iodised Salt (0.9%), Yeast, Acidity Regulators INS 270,Acidity Regulators INS 296, Flour Treatment Agents INS 223, Flour Treatment Agents  INS 1101(i),Flour Treatment Agents   INS 1100(i), Emulsifier of Vegetable Origin [Diacetyl Tartaric] , Fatty Acid Esters of Glycerol]",100,489,70.5,6.8
72,Parle Milk Shakti,PARLE,BISCUIT,GLUCOSE BISCUIT,"Condensed Milk, Emulsifier of Vegetable Origin [diacetyltartaric] , Emulsifier of Vegetable Origin [ Fatty Acid Esters of Glycerol], Invert Sugar Syrup, Milk Solids (1.7%), Raising Agents 1503 (500), Refined Palm Oil, Refined Wheat Flour (maida), Salt (10), Sugar, Vitamins, Minerals (0.3%)",100,464,75.2,7.3
73,Parle Nutricrunch Classic Digestive Cookies,PARLE,BISCUIT,DIGESTIVE BISCUIT,"Refined Wheat Flour (Maida) (40%), Refined Palm Oil, Wheat Flour (Atta) (19%), Sugar, Sorghum Flour (5%), Wheat Bran (4.4%), Wheat Fibre (1.2%), Milk Solids, Malt Extract, Raising Agents 503(ii), Raising Agents  500(ii), Iodised Salt, Invert Sugar Syrup, Vitamins and Minerals (0.3%), Emulsifier of Vegetable Origin (Diacetyltartaric),Emulsifier of Vegetable Origin[ Fatty Acid Esters of Glycerol)",100,189,70.7,6.5
74,Parle Monaco Classic Salty Biscuits,PARLE,BISCUIT,BISCUIT,"Acidity Regulators [270, 296], Emulsifier of Vegetable Origin (472e), Flour Treatment Agents (223, 1101(ii), 1100(I)), Iodised salt (2.25%), Invert Sugar Syrup, Raising Agents [503(ii), 500(ii), 341(I)], Refined Oils (palmolein, Palm), Refined Wheat Flour (maida), Sugar, Yeast",100,495,68.9,7.7
75,Parle Hide & Seek Black Bourbon,PARLE,BISCUIT,CREAME,"Sugar, Wheat Flour, Edible Vegetable Oil (Palm Oil), Cocoa Solids (7.5%), Sprinkled Sugar (2%), Invert Sugar Syrup, Edible Common Salt, Raising Agents 503(ii),Raising Agents 500(ii), Emulsifier (Lecithin of Soya Origin), Contains Permitted Natural Colour (150d), Added Flavours (Artificial Flavouring Substances - Chocolate, VANILLA CAKE)",100,470,75.8,5.2
76,Parle Hide & Seek Creme Sandwiches,PARLE,BISCUIT,CREAME,"Refined wheat flour, sugar, refined palm oil, choco chips (12%), cocoa solids, dextrose, emulsifier, invert sugar syrup, iodised salt, added flavours",100,502,66,6
77,Parle Hide & Seek Choco Roll Choco Rolls,PARLE,BISCUIT,CHOCO ROLL,"Choco Creme (40%), Cocoa Solids (0.5%), Edible Vegetable Oil (palm Oil), Edible Vegetable Oils (palmolein, Palm Oil), Emulsifier (Di-Acetyl Tartaric Acid Esters of Mono and Di-Glycerides of Edible Vegetable Oils), Emulsifier (lecithin of Soya Origin), Contains Added Flavour (artificial Flavouring Substances - VANILLA CAKE), Contains Added Flavours (artificial Flavouring Substances - VANILLA CAKE, Chocolate), Invert Sugar Syrup, Iodised Salt, Raising Agents 1500 (1),Raising Agents  503 (1), Raising Agents 341(), Sugar, Wheat Flour",100,512,67,4.5
78,Parle Marie Biscuit,PARLE,BISCUIT,BISCUIT,"Refined Wheat Flour (Maida), Sugar, Refined Palm Oil, Invert Sugar Syrup, Raising Agents 503(ii),Raising Agents 500(ii), Raising Agents 341(i), Milk Solids, Iodised Salt, Flour Treatment Agents 223, Flour Treatment Agents 1101(ii), Emulsifier of Vegetable Origin (472e), Artificial Flavouring Substances Milk,Artificial Flavouring Substances  Butter, Artificial Flavouring Substances VANILLA CAKE",100,451,77.2,7.7
79,Parle Hide & Seek Milano Cookies,PARLE,BISCUIT,BISCUIT,"Artificial Flavouring Substances (VANILLA CAKE), Butter, Chocolate (26%) ,Cocoa Butter, Cocoa Solids, Dextrose, Emulsifier Of Vegetable Origin (Soy Lecithin), Sugar, Cocoa Solids, Dextrose, Emulsifier Of Vegetable Origin (472E), Emulsifier Of Vegetable Origin (Soy Lecithin), Iodised Salt, Invert Sugar Syrup, Liquid Glucose, Raising Agents 500(Ii), Raising Agents 503(Ii), Refined Palm Oil, Refined Wheat Flour (Maida), Skimmed Milk Powder,  Sugar",100,518,67,4.4
80,Britannia 5 Grain High-Fibre Biscuits Multigrain Digestive Biscuits,BRITANNIA,BISCUIT,DIGESTIVE BISCUIT,"Wheat Flour (Atta) (45%), Refined Palm Oil, Sugar, Cereal Products (16%) (Ragi Flour, Corn Flakes, Rolled Oats, Jowar Flour, Rice Flour and Quinoa Flour), Wheat Bran (6%), Milk Products (Sweetened Condensed Partly Skimmed Milk and Milk Solids), Raising Agents (500(i) and 503(i)), Honey, Iodised Salt, Emulsifiers (322(i), 471 and 472e) and Nature-Identical and Artificial (VANILLA CAKE) Flavoring Substances",100,492,70.2,8.1
81,Dukes Nibbles - Jeera Crackers,DUKES,BISCUIT,CRACKER,"Ajwain (0.4%), Cumin (2%), Dough Conditioner (223), Emulsifiers 322, Emulsifiers  471, Invert Syrup, Iodised Salt, Liquid Glucose, Raising Agent 500 (II),  Raising Agent 503 (II), Refined Palm Oil, Refined Palmolein Oil, Refined Wheat Flour (Maida), Sugar, Spices, Yeast, Improver (1101 (II))",100,416.7,70,9
82,Let'S Try Fruits Cake Rusk,LET'S TRY,BISCUIT,RUSK,"Whole Wheat Flour, Milk and Milk Solids, Brown Sugar, Edible Vegetable Fat, Refined Wheat Flour, Oats Flour, Cherry, Custard Powder, Cake Concentrate, Raising Agent (Ins 503), Iodized Salt, and Artificial Flavouring Substances (Orange and Butter)",100,483.67,68.37,7.46
83,Palekar Tea Time Ajwain Toast,PALEKAR,BISCUIT,RUSK,"Refined Wheat Flour (Maida), Sugar, Hydrogenated Vegetable Oil, Invert Syrup, Iodized Salt, Yeast, Soy Flour, Ajwain (0.17%), Antioxidant (300), Emulsifier 471,Emulsifier  472e, Emulsifier 481(i), Processing Aid 1102, Processing Aid 1104, Improver (170(i)), Flour Treatment Agent (510)",100,440,77,11
84,Palekar Makkhan Rusk,PALEKAR,BISCUIT,RUSK,"Refined Wheat Flour (Maida), Sugar, Pasteurized Dairy Butter (8.85%), Invert Syrup, Iodized Salt, Yeast, Soy Flour, Antioxidant (300), Emulsifier 471,Emulsifier  472e,Emulsifier 481(i), Processing Aid 1102,Processing Aid 1104, Improver (170(i)), Flour Treatment Agent (510)",100,409,81,10
85,Palekar Jaggery Toasted Buns,PALEKAR,BISCUIT,TOASTED BUN,"Refined Wheat Flour (Maida), Jaggey, Ghee(Clarified Butter), iodized Salt, Yeast, Jeera(cumin seeds) (0.8%), Soy flour, Antioxidant (300), Emulsifier471, Emulsifier 472e,Emulsifier  481(i), Processing aid 1102,Processing aid 1104, Flour Treatment Agent (510), Improver (170(i)",100,426,73,10
86,Britannia Treat Orange Creme Sandwich Biscuits,BRITANNIA,BISCUIT,CREAME,"Refined Wheat Flour (Maida), Sugar, Refined Palm Oil, Interesterified Vegetable Fat, Invert Sugar Syrup, Edible Maize Starch, Dextrose, Emulsifiers 322(i),Emulsifiers  471,Emulsifiers 472e, Raising Agents 503(ii) ,Raising Agents 500(ii), Milk Solids, Iodised Salt, Nature Identical & Artificial (Orange Juice), Colours 160b, Colours  102, Colours  127,Colours   110 ,Colours  124, Acidity Regulator (330), Orange Powder (0.02%), Dough Conditioner (223)",100,494.5,72.7,4.8
87,Britannia Marie Gold Biscuits Plain,BRITANNIA,BISCUIT,BISCUIT,"Refined Wheat Flour (Maida) (73%), Sugar, Refined Palm Oil, Invert Sugar Syrup, Milk Solids, Raising Agents 503(ii), Raising Agents 500(ii), Iodised Salt, Emulsifier (472e), Calcium Salt, Dough Conditioner (223), Vitamins, Ferrous Salt, Potassium Iodate, Permitted Natural Colour (150d), Added Flavours (Nature Identical and Artificial (Milk and VANILLA CAKE))",100,445,60,7
88,Britannia Vita Butter Marie Gold Biscuits,BRITANNIA,BISCUIT,BISCUIT,"Refined Wheat Flour (Maida) (66%), Sugar, Refined Palm Oil, Milk Solids, Sweetened Condensed Partly Skimmed Milk, Invert Sugar Syrup, Raising Agents 503(ii),Raising Agents  500(ii), Iodised Salt, Emulsifiers 471, Emulsifiers 322(i), Artificial Flavouring Substances Milk,Artificial Flavouring Substances  Butter,Artificial Flavouring Substances  VANILLA CAKE, Vitamins, Dough Conditioner (223), Minerals, Improver (1101(i))",100,449,79.3,7.3
89,Britannia Pure Magic Chocolush Choco Filled Cookie,BRITANNIA,BISCUIT,CHOCO FILLS,"Dark Choco Filling (38%), Sugar, Refined Palmolein Oil, Cocoa Solids, Emulsifier (322(I)), Iodised Salt, Artificial Flavouring Substances (Vanillin), Refined Wheat Flour (Maida), Interesterified Vegetable Fat, Sugar, Invert Sugar Syrup, Liquid Glucose, Cocoa Solids (0.8%), Raising Agents 500(Ii), Raising Agents  503(Ii),  Raising Agents 450(I), Iodised Salt, Butter, Milk Solids, Colour (150D), Emulsifiers 322(I),Emulsifiers  471",100,519,66.1,4.8
90,Britannia 5050 Maska Chaska Biscuit,BRITANNIA,BISCUIT,CRACKER,"Refined Wheat Flour (Maida), Refined Palm and Palmolein Oil, Sugar, Liquid Glucose, Raising Agents 503(ii), Raising Agents 341(ii),Raising Agents  500(ii),Raising Agents  450(i), Butter (1.2%), Black Salt, Milk Solids, Dehydrated Vegetable (Chives) (1%), Iodised Salt, Dough Conditioner (223)",100,525,63.8,7.7
91,Britannia Biscafe Refreshing Super Thin Coffee Cracker,BRITANNIA,BISCUIT,CRACKER,"Refined Wheat Flour (Maida), Sugar (19%), Refined Palm and Palmolein Oil, Liquid Glucose, Maize Starch, Instant Coffee Powder (1.3%), Butter, Milk Solids, Iodised Salt, Raising Agents 503(i) ,Raising Agents 500(i), Colours 150a , Colours 150d, Yeast, Emulsifiers 322(i)  ,Emulsifiers 471, Dough Conditioner (223) , Improver (1101(i))",100,485,75.1,6.8
92,Britannia Toastea Milk Rusk,BRITANNIA,BISCUIT,RUSK,"Antioxidant (300), Butter, Edible Vegetable Oil (Refined Palm Oil, Palmolein), Emulsifiers 471,Emulsifiers 472E, Improvers 1100 (I), Improvers 1104, Interesterified Vegetable Fat, Iodised Salt, Milk Solids (3%), Refined Wheat Flour (Maida) (68%), Sugar, Vital Gluten, Wheat Fibre, Yeast",100,466,74.4,9.4
93,Britannia Good Day ChocoChip Cookies,BRITANNIA,BISCUIT,COOKIES,"Added Flavours (Nature Identical Flavouring Substances), Butter (1.2%), Cocoa Solids (0.4%), Colour (150C), Dark Chocochips (5.8%) ,Cocoa Solids, Dextrose, Emulsifier (322(I)), Hydrogenated Vegetable Fat, Sugar, Dark Chocolate Chips (13%) ,Cocoa Butter, Cocoa Solids, Dextrose, Emulsifier (322(I)), Emulsifiers 322(I),Emulsifiers 471, Emulsifiers 472E, Invert Sugar Syrup, Iodised Salt, Milk Chocochips (5.8%) ,Cocoa Solids, Emulsifier (322(I)), Hydrogenated Vegetable Fat, Milk Solids, Sugar, Milk Solids, Raising Agents 500(Ii),Raising Agents 503(Ii), Refined Palm Oil, Refined Wheat Flour (Maida), Sugar",100,512,68,6.1
94,Sunfeast Glucose Plus,SUNFEAST,BISCUIT,BISCUIT,"Artificial Flavouring Substances Cream, Artificial Flavouring Substances Milk, Artificial Flavouring Substances Sweet, Artificial Flavouring Substances VANILLA CAKE, Emulsifiers [Diacetyltartaric and Fatty Acid Esters of Glycerol (from Palm Oil and Sunflower)], lecithin (from Soyabean), Flour Treatment Agent (ins 223), Iodised Salt, Liquid Glucose (0.2%), Milk Solids (0.2%), Mineral, Raising Agents ins 500(ii), Raising Agents ins 503(ii), Refined Palm Oil, Refined Wheat Flour (maida) (62.5%), Sugar, Vitamin, Colours ins 102,Colours  ins 124, Invert Syrup",100,447,80.2,7.2
95,Sunfeast Dark Fantasy Crème,SUNFEAST,BISCUIT,CREAME,"Cocoa Solids (3.4%), Emulsifier Lecithin (from Soyabean), Hydrogenated Vegetable Oil, Iodised Salt, Invert Syrup, Raising Agents (ins 450(i), ins 500(ii), ins 503(ii)), Maida (refined Wheat Flour), Refined Palm Oil, Sugar, Humectant (ins 1520), Artificial Flavouring Substances (VANILLA CAKE)",100,452,75.8,8.9
96,Sunfeast Dark Fantasy Yumfills Rich Chocolate Pie Cake,SUNFEAST,BISCUIT,PIE,"Acidity Regulator (ins 330), Cake Gel (emulsifiers [di-Glycerides of Fatty Acids (from Palm Oil), mono-Glycerides of Fatty Acids (from Palm Oil), Propylene Glycol Esters of Fatty Acids (from Palm Oil), Salts of Myristic, Palmitic and Stearic Acids with Ammonia, Calcium, Potassium and Sodium (from Palm Oil)]), Colour (ins 102), Emulsifiers [Lecithin (from Soyabean), polyglycerol Esters of Fatty Acid (from Palm Oil)], Flour Treatment Agent (ins 223), Humectant (ins 422), Hydrolysed Vegetable Protein, Invert Syrup, Iodised Salt, Liquid Glucose, Milk Choco Covering (22.9%) (Artificial Flavouring Substances (VANILLA CAKE), Cocoa Solids (1.37%), Hydrogenated Vegetable Oils, Interesterified Vegetable Fat, Milk Solids (2.75%), Sugar), Milk Solids (1.61%), Preservative (ins 202), Raising Agents [ins 450(1), ins 450(vil), ins 500(ii), ins 503(il)], Refined Palmolein, Refined Wheat Flour (maida), Stabilizers (ins 407, ins 415), Sugar",100,425,53.9,5.4
97,Sunfeast All Rounder Crunchy Potato Biscuit with Chatpata Masala Flavour,SUNFEAST,BISCUIT,CRACKER,"Refined Wheat Flour (Maida), Refined Palm Oil, Sugar, Refined Palmolein, Dehydrated Potato (4.5%), Emulsifier (Mono- and Di-Glycerides Of Fatty Acids (From Palm Oil)), Stabilizer (INS 450(I)),  Antioxidants INS 223, Antioxidants  INS 330 , Seasoning Flavour Onion,Seasoning Flavour Garlic, Seasoning Flavour Coriander,Seasoning Flavour Red Chilli, Seasoning Flavour Pepper ,Seasoning Flavour Cumin, Liquid Glucose, Starch, Lodized Salt, Invert Syrup, Milk Solids, Nature Identical Flavouring Substances, Raising Agents INS 500(Ii), Raising Agents INS 503(Ii), Emulsifiers [Lecithin (From Soyabean), Mono- and Di-Glycerides Of Fatty Acids (From Palm Oil), Diacetyl Tartaric Acid Ester Of Mono-Diglycerides (From Sunflower and Palm Oil)] , Flour Treatment Agents INS 223, Flour Treatment Agents INS 1101(1)",100,484,66.1,8
98,Sunfeats Dark Fantasy Desserts Choconut Dipped Filled Cookie Reimaged,SUNFEAST,BISCUIT,CHOCO FILLS,"Almonds (1%), Butter, Cashew Nuts (4%), Choco Covering (25%) ,Artificial Flavouring Substances (condensed Milk), Cocoa Solids (1.4%), Emulsifiers [ammonium Salts of Phosphatidic Acid (from Rape Seed Oil), Hydrogenated Vegetable Oil, Milk Solids, Choco Crème (28.5%) ,Cocoa Solids (4%), Emulsifier (lecithin (from Soyabean)), Nature Identical Flavouring Substances, Refined Palm Oil, Refined Palmolein, Sugar, VANILLA CAKE), Colours ins 150c, Colours  ins 150d, Hazelnut Paste (0.1%), Hydrogenated Vegetable Oil, Invert Syrup, Liquid Glucose, Lodized Salt, Raising Agents ins 500 (11), Raising Agents ins 503(1),Raising Agents  ins 4500, Refined Wheat Flour (maida), Sugar, Nature Identical Flavouring Substances, Artificial Flavouring Substances (VANILLA CAKE), Soy, Nuts, Cocoa Solids (0.6%)",100,548,61.1,5.2
99,"Sunfeast Marie Light Active, Marie Biscuits with Iron and 6 Vitamins Family Pack",SUNFEAST,BISCUIT,BISCUIT,"Refined Wheat Flour (Maida) (68.2%), Sugar, Refined Palm Oil, Invert Syrup, Raising Agents INS 500(ii), Raising Agents INS 503(ii), Raising Agents INS 450(i), Milk Solids, Iodized Salt, Flour Treatment Agent (INS 223), Emulsifier (Diacetyl Tartaric Acid Ester of Mono-Diglycerides from Sunflower and Palm Oil), Nature Identical Flavouring Substances, Artificial Flavouring Substances Milk,Artificial Flavouring Substances VANILLA CAKE, Mineral (0.01%), Colour (INS 150d), Vitamins (0.01%)",100,452,75.8,8.9
100,"Sunfeast Dark Fantasy VANILLA CAKE Creme, Dark Crunchy Biscuit with Smooth VANILLA CAKE Creme",SUNFEAST,BISCUIT,CREAME,"Artificial Flavouring Substances (VANILLA CAKE), Cocoa Solids (2.8%), Emulsifier (lecithin (from Soyabean)), Hydrogenated Vegetable Oil, Iodised Salt, Invert Syrup, Raising Agents ins 450(i),  Raising Agents  ins 500(ii), Raising Agents   ins 503(ii), Refined Palm Oil, Refined Wheat Flour (Maida), Sugar, Humectant (ins 1520)",100,475,73.9,4.8
101,Sunfeast Farmlite Oats & Almonds Cookies,SUNFEAST,BISCUIT,COOKIES,"Almonds (3.2%), artificial flavouring substances milk,artificial flavouring substances  VANILLA CAKE, emulsifier [lecithin (from soybean)], invert syrup, liquid glucose, iodized salt, maltodextrin, milk solids, oat flakes (21.2%), raising agents INS 450(i), raising agents INS 500(ii),raising agents INS 503(ii), refined palm oil, sugar, and wheat flour (atta) (35.3%)",100,482,52.5,12.3
102,Sunfeast Farmlite Oats & Chocolate Cookies,SUNFEAST,BISCUIT,COOKIES,"Almond (1.4%), artificial flavouring substances milk,artificial flavouring substances  VANILLA CAKE, cocoa solids (1.4%), compound chocolate chips (6.2%) ,cocoa butter, cocoa solids, dextrose, emulsifier [lecithin (from soybean)], natural flavours, natural flavouring substances, invert syrup, liquid glucose, iodized salt, maltodextrin, oat flakes (20.3%), raising agents INS 450(i),  raising agents INS 500(ii), raising agents INS 503(ii), refined palm oil, sugar,  wheat flour (atta) (31.3%)",100,484,63.6,11
103,Sunfeast Farmlite Oats & Raisins Cookies,SUNFEAST,BISCUIT,COOKIES,"artificial flavouring substances milk,artificial flavouring substances  VANILLA CAKE, colours INS 150c,colours INS 150d, corn flakes, emulsifier [lecithin (from soybean)], iodized salt, invert syrup, liquid glucose, maltodextrin, milk solids, natural flavours, natural flavouring substances, oat flakes (15.7%), raising agents INS 450(i),raising agents INS 500(ii),raising agents INS 503(ii), raisins (8.7%), refined palm oil, sugar, and wheat flour (atta) (34.5%",100,461,68,7.5
104,Frooti Mango Fruit Juice,FROOTI,JUICE,FRUIT BEVERAGE,"Water, Sugar, Mango Pulp (11.2%), Acidity Regulators INS 330,Acidity Regulators INS 331(iii), Nature-identical Flavouring Substances (Mango), Stabilizers INS 466,  Stabilizers INS 415, Preservative (INS 211), Antioxidant (INS 300), Food Colour (INS 110), Antifoaming Agent (INS 900a)",100,62.9,15.7,0
105,Paper Boat Lychee Fruit Juice,PAPER BOAT,JUICE,FRUIT BEVERAGE,"WATER, NATA DE COCO 14% ,98% COCONUT WATER, SUGAR, SUGAR, LYCHEE JUICE CONCENTRATE (1.7%) ,ACIDITY REGULATORS 330,ACIDITY REGULATORS  331 (ii),ACIDITY REGULATORS  327,  IDENTICAL AND NATURAL FLAVOURING SUBSTANCES GELLING AGENT (418),  IDENTICAL AND NATURAL FLAVOURING SUBSTANCES ANTIOXIDANT (385), PRESERVATIVES211,PRESERVATIVES  202, COLOURS 124, COLOURS 129",100,62.4,15.6,0
106,Yu Berry Blast 100% Fruit Juice With Berry Pieces,YU FOODS,JUICE,FRUIT BEVERAGE,"Apple, Banana, Blueberry, Lemon, Mix Berries (Raspberry, Strawberry) (32%), Pineapple, Sugarcane",100,47,12,0
107,Raw Pressery Valencia Orange Fruit Juice,RAW PRESSERY,JUICE,FRUIT BEVERAGE,"Valencia Orange Juice (91.8%), Orange Pulp, Citrus Fiber, Vitamin C - Antioxidant (INS 300)",100,115,26.9,1.6
108,Boba Bhai Pina Colada with Popping Bubbles & Nata de Coco,BOBA BHAI,JUICE,BUBBLE TEA,"Apple Juice Concentrate, CMC, Citric Acid, Lemon Juice Concentrate, Malic Acid, Nata De Coco, Popping Boba, Potassium Sorbate, Sodium Benzoate, Sugar, Water",100,51.1,12.77,0
109,Maaza Mango Fruit Juice,MAAZA,JUICE,FRUIT BEVERAGE,"Water, Mango Pulp (19.5%), Sugar, Acidity Regulators INS 300,Acidity Regulators INS 331(iii), Antioxidant (INS 300), Preservative (INS 202), Colour (INS 110), Mango Flavours (Natural, Nature-Identical, and Artificial Flavouring Substances)",100,63,15.8,0
110,Paper Boat Swing Pomegranate Fruit Juice,PAPER BOAT,JUICE,FRUIT BEVERAGE,"Water, Sugar, Pomegranate Juice Concentrate (1.9%), Flavours (Nature-Identical and Natural Flavouring Substances), Acidity Regulator (330), Iodised Salt, Preservatives 202,Preservatives 242, Food Colours 150d,Food Colours 124,Food Colours 122, Vitamin D2 (Ergocalciferol), Reconstituted 10% Pomegranate Juice",100,52.8,13.2,0
111,Bloody Bubbly Cream Soda,BLOODY BUBBLY,JUICE,CREAME SODA,"Carbonated Water, Citric Acid (Acidity Regulator), Flavours (Contains Natural Flavouring Substances), Pectin, Salt, Stevia Glycosides (Stevia), Sugar",100,18,2.6,0.21
112,Paper Boat Mango,PAPER BOAT,JUICE,FRUIT BEVERAGE,"Water, Sugar, 98% Coconut Water, Sugar, Mango Juice Concentrate, Acidity Regulators, Flavours, Gelling Agent, Iodised Salt, Preservatives, Food Colour",100,71.2,17.8,0
113,Coca-Cola Zero Sugar Soft Drink,COKE ZERO,JUICE,SODA,"Carbonated water, acidity regulators 338, acidity regulators 331(iii), sweeteners 955, sweeteners 950, preservative (211), caffeine (9.2 mg/100g), colour (150d), flavours (natural flavoring substances)",100,0,0,0
114,Bloody Bubbly Litchi Soda,BLOODY BUBBLY,JUICE,SODA,"Carbonated Water, Citric Acid (Acidity Regulator), Flavours (Contains Natural Flavouring Substances), Pectin, Salt, Stevia Glycosides (Stevia), Sugar",100,18,2.6,0.21
115,Paper Boat Swing Lychee Fruit Juice,PAPER BOAT,JUICE,FRUIT BEVERAGE,"Water, Sugar, Lychee Juice Concentrate (1.2%), Apple Juice Concentrate (0.7%), Flavours (Nature-Identical and Natural Flavouring Substances), Acidity Regulator (330), Stabilizers (466),Stabilizers ( 412), Preservatives (202),Preservatives( 242), Antioxidant (300), Vitamin D2 (Ergocalciferol)",100,64,16,0
116,Mogu Mogu Imported Lychee Fruit Juice,MOGU MOGU,JUICE,FRUIT BEVERAGE,"Water, Lychee juice from Lychee, Juice concentrate 25%, Nata de coco 25%, Invert sugar, Sugar, Acidity regulators (E330),Acidity regulators( E327), Class II Preservatives (E202), Class II Preservatives(E211), Stabilizer (E418), Contains permitted natural (150g) ,Synthetic E124, Synthetic E122, Synthetic E102, Food colors , added Flavor Artificial (Lychee) Flavouring Substances",100,150,38,0
117,Bloody Bubbly Lemon Soda,BLOODY BUBBLY,JUICE,SODA,"Carbonated Water, Citric Acid, Natural Flavouring Substances, Pectin, Salt, Stevia Glycosides, and Sugar",100,18,2.6,0.21
118,Paper Boat Orange Juice,PAPER BOAT,JUICE,FRUIT BEVERAGE,"Water, Sugar, Nata De Coco 9.5% (98% Coconut Water, Sugar), Orange Juice Concentrate (1.9%), Acidity Regulators [330, 331(iii), 327], Flavours (Nature-Identical and Natural Flavouring Substances), Gelling Agent (418), Iodised Salt, Preservatives (211, 202) and Food Colour (110).",100,53.2,13.3,0
119,"B Natural Mixed Fruit Juice, 100% Pulp",BE NATURAL,JUICE,FRUIT BEVERAGE,"Water, Sugar, Mango Pulp (6.8%), Banana Puree (4.5%), Guava Pulp (4.4%), Pineapple Pulp (3.2%), Watermelon Pulp (0.6%), Polydextrose (Dietary Fiber) (0.54%), Acidity Regulator (Ins 330), Bael Pulp (0.17%), Jamun Pulp (0.17%), Litchi Pulp (0.17%), Stabilizer (Ins 440), Antioxidant (Ins 300), Pomegranate Juice (0.05%)",100,50,12.85,0.1
120,Dabur Fruit Power Mixed Fruit Juice,DABUR REAL,JUICE,FRUIT BEVERAGE,"Acidity Regulator (INS 330), Added Flavours (Natural and Nature Identical Flavouring Substances), Antioxidant (INS 300), Colour (INS 160A (ii)), Concentrated Mixed Fruit Juice (1.6%) [From Apple, Orange, Guava, Mango, Apricot, Banana, Lime, Passion Fruit, Pineapple], Guava Pulp (1%), Mango Pulp (1%), Sugar, Water, Banana Puree (1%), Apple Juice Concentrate (1.37%), Stabilizer (INS 440)",100,49,12.3,0
121,Slice Mango Drink,SLICE,JUICE,FRUIT BEVERAGE,"Equivalent T0 10.2% Mango Pulp In Reconstituted Beverage Ingredients: Water, Sugar, Concentrated Mango Pulp (5.1%), Acidity Regulator (330), Flavour (Natural And Nature Identical Flavouring Substances), Stabilizers (466, 440), Sweetener (960A), Preservative (202, Colour (110), Steviol Glycoside.",100,50,12.5,0
122,Paper Boat Swing Guava Fruit Juice,PAPER BOAT,JUICE,FRUIT BEVERAGE,"Water, Guava Puree (14%), Sugar, Acidity Regulators (330, 331 (iii)), Iodised Salt, Flavours (Nature-Identical and Natural Flavouring Substances), Stabilizers (418, 466), Preservatives (202, 242), Antioxidant (300), Food Colour (160a(iii)), and Vitamin D2 (Ergocalciferol)",100,55.6,13.9,0
123,Dabur Real Fruit Power Masala Mixed Fruit Juice,DABUR REAL,JUICE,FRUIT BEVERAGE,"Acidity Regulator (INS 330), Added Flavours (Natural & Nature Identical Flavouring Substances), Antioxidant (INS 300), Black Salt, Concentrated Mixed Fruit Juice (4%) , Apple, Apricot, Banana, Guava, Lime, Lemon, Mango, Orange, Passion, Lodized Salt, Mango Pulp (3.3%), Natural Colours INS 160 A (II),Natural Colours  INS 160 A (III), Stabilizers INS 418,Stabilizers INS 440, Stabilizers INS 466,Black Pepper, Chili Pepper, Coriander, Cumin, Turmeric, Sugar, Water",100,49,12.3,0
124,Dabur Real Alphonso Mango Fruit Juice,DABUR REAL,JUICE,FRUIT BEVERAGE,"Water, Sugar, Acidity Regulator (INS 330), Added Flavours (Natural Flavouring Substances), Alphonso Mango Pulp (22%), Antioxidant (INS 300), Colour (INS 160 A (III)),  Natural Flavouring Substances",100,60,15.1,0.1
125,Dabur Real Masala Pomegranate Fruit Juice,DABUR REAL,JUICE,FRUIT BEVERAGE,"Water, Pomegranate Pulp (10%), Sugar, Acidity Regulator (INS 330), Iodized Salt, Colour (INS 163 (iii)), Stabilizer (INS 440), Spices and Spice Extracts (0.0025%) ,Cumin, Black Pepper, Ginger and Capsicum, Antioxidant (INS 300), Flavours (Natural and Nature Identical Flavouring Substances)",100,50,12.5,0
126,Dabur Real Cranberry Fruit Juice,DABUR REAL,JUICE,FRUIT BEVERAGE,"Acidity Regulator (INS 330), Flavours (Nature Identical Flavouring Substances), Apple Juice Concentrate [13.5%] ,Cranberry Juice Concentrate [2.5%]Sweetener (INS 960), Vitamin C, Water",100,46,11.1,0
127,Mogu Mogu Strawberry Fruit Juice,MOGU MOGU,JUICE,FRUIT BEVERAGE,"Water, Strawberry Juice From Strawberry, Juice Concentrate 25%, Nata De Coco 25%, Invert Sugar, Sugar, Acidity Regulators E330, Acidity Regulators E327, Class Ii Preservatives E202, Class Ii Preservatives E211, Stabilizer (E418), Contains Permitted Natural (150G) , Synthetic E124,Synthetic E122,Synthetic E102, Food Colors , Added Flavor Artificial (Strawberry) Flavouring Substances",100,150,37,0
128,Raw Pressery Refreshers Pineapple Fruit Juice,RAW PRESSERY,JUICE,FRUIT BEVERAGE,"Acidity Regulator (INS 330), Antioxidants INS 224,Antioxidants INS 300, Colour, Khandsari Sugar, Natural Flavouring Substances, Pectin, Pineapple Pulp (20%), Water",100,29.1,7.1,0.2
129,Dabur Real Activ Orange Juice,DABUR REAL,JUICE,FRUIT BEVERAGE,"Flavour (Natural Flavouring Substances), Orange Concentrate (20.40%), Orange Pulp (0.5%), Vitamin C",100,48,12,0
130,Dabur Real Fruit Power Guava Juice,DABUR REAL,JUICE,FRUIT BEVERAGE,"Water, Guava Pulp (14%), Sugar, Acidity Regulator (INS 330), Iodised Salt, Stabilisers INS 412 ,Stabilisers INS 466, Flavours (Natural and Nature Identical Flavouring Substances), Antioxidant (INS 300),  Colours INS 124,Colours INS 102",100,48,12,0
131,Tropicana Delight Guava Fruit Juice,TROPICANA,JUICE,FRUIT BEVERAGE,"Water, Guava Pulp (22%), Sugar, Acidity Regulator (330), Flavour (Natural and Nature Identical Flavouring Substances), Antioxidant (300), Colour (160a)",100,57,14.4,0
132,Tropicana Delight Mixed Fruit Juice,TROPICANA,JUICE,FRUIT BEVERAGE,"Water, Sugar, Concentrated Mixed Fruit Juice (6.1%) , Apple, Mango, Guava, Orange, Banana, Apricot, Peach, Acidity Regulator (330), Stabilizers 466,Stabilizers 440, Iodised Salt, Flavour (Natural and Nature Identical Flavouring Substances), Sweetener (960a), Colour (160a(i))",100,42,10.5,0
133,"B Natural Apple Juice, 100% Pulp",BE NATURAL,JUICE,FRUIT BEVERAGE,"Water, Apple Juice (15%), Sugar, Polydextrose (Dietary Fiber) (0.95%), Acidity Regulator (INS 296), Nature Identical Flavouring Substances, Vitamins, Stabilizers (INS 415, INS 466), Colour (INS 150d), Natural Flavours and Natural Flavouring Substances",100,49.22,12.65,0.03
134,Dabur Real Activ Mixed Fruit Juice,DABUR REAL,JUICE,FRUIT BEVERAGE,"Acidity Regulator (INS 330), Antioxidant (INS 300), Mango Pulp (15%), Stabilizing Agent (INS 440), Sugar, Class II Preservatives (INS 211)",100,50,12,0.1
135,Dabur Real Activ Apple Juice,DABUR REAL,JUICE,FRUIT BEVERAGE,"Water, Apple Juice Concentrate (18.6%), Antioxidant (Ins 300), Reconstituted 100% Apple juice content",100,48,12,0
136,Dabur Real Litchi Fruit Juice,DABUR REAL,JUICE,FRUIT BEVERAGE,"Water, Litchi Pulp (20.8%), Sugar, Litchi Pulp Concentrate (1.17%), Stabilizer (INS 440), Acidity Regulator (INS 296), Antioxidant (INS 300), Flavours (Nature Identical Flavouring Substances)",100,56.4,14,0.1
137,Dabur Real Fruit Power Pineapple Fruit Juice,DABUR REAL,JUICE,FRUIT BEVERAGE,"Water, Pineapple Juice Concentrate (8.5%), Sugar, Acidity Regulator (INS 330), Stabilizer (INS 440), Flavours (Natural and Nature Identical Flavouring Substances), Antioxidant (INS 300)",100,51,12.8,0.1
138,Dabur Real Pomegranate Fruit Juice,DABUR REAL,JUICE,FRUIT BEVERAGE,"Water, Pomegranate Juice (30%), Sugar, Liquid Glucose, Acidity Regulator (INS 330), Iodised Salt, Antioxidant (INS 300), Colour (INS 163), Flavours (Natural Flavouring Substances)",100,54,13.5,0
139,Raw Pressery Refreshers Sugarcane Fruit Juice,RAW PRESSERY,JUICE,FRUIT BEVERAGE,"Sugarcane Juice (53%), Water, Lemon Juice (2%), Pectin, Ginger Extract, Antioxidants (Vitamin C-Ins 300, Ins 224), Stevia",100,43.1,10.1,0.5
140,Dabur Real Mosambi Fruit Juice,DABUR REAL,JUICE,FRUIT BEVERAGE,"Water, Mosambi (Sweet Lime) juice concentrate (24.10%), Sugar, Antioxidant (INS 300), Acidity Regulator (INS 330), Flavour (Natural Flavouring Substances)",100,50,12.5,0.1
141,Raw Pressery Alphonso Mango Fruit Juice,RAW PRESSERY,JUICE,FRUIT BEVERAGE,"Alphonso Mango Pulp (51%), Water, Fructose, Antioxidant (Vitamin C - INS 300), and INS 224",100,41.7,10.3,0.45
142,Tropicana Delight Cranberry Fruit Juice,TROPICANA,JUICE,FRUIT BEVERAGE,"Water, Sugar, Concentrated Cranberry Juice (1.6%), Concentrated Apple Juice (1.5%), Concentrated Red Grape Juice (1.1%), Concentrated Pomegranate Juice, Salt, Acidity Regulator (296), Sweetener (960)",100,43,10.8,0
143,Storia Pomegranate Fruit Juice,STORIA,JUICE,FRUIT BEVERAGE,"Acidity Regulators INS 330, Acidity Regulators  INS 3310, Antioxidant (INS 300), Japple Concentrate 12%, Pomegranate Juice Concentrate 4%, Salt, Stevia (INS 960), Water",100,45,11.2,0
144,Raw Pressery Valencia Orange Fruit Juice,RAW PRESSERY,JUICE,FRUIT BEVERAGE,"Valencia Orange Juice (91.8%), Orange Pulp, Citrus Fiber, Vitamin C- Antioxidant (INS 300)",100,115,26.9,1.6
145,Raw Pressery Refreshers Cranberry Fruit Juice,RAW PRESSERY,JUICE,FRUIT BEVERAGE,"Water, Khandsari Sugar, Cranberry Puree, Cranberry Concentrate, Acidity Regulator, Salt, Pectin, Vitamin C, Natural Flavoring Substances, Stevia",100,27.2,6.6,0.2
146,Rani Imported Orange and Carrot Fruit Juice,RANI,JUICE,FRUIT BEVERAGE,"Water, Sugar Carrot puree Orange juice made from concentrate, acidifier: E330, stabilizer 412,stabilizer E466,Nature Identical Orange Flavor, Color E160A ,Emulsifier 445,Emulsifier E414 Antioxidant:E300 [1, 2, 3]",100,102,25,0
147,Raw Pressery Pomegranate Fruit Juice,RAW PRESSERY,JUICE,FRUIT BEVERAGE,"Pomegranate Juice (99.8%), Citrus Fiber, Vitamin C - Antioxidant (INS 300)",100,62.46,15.13,0.69
148,No filter 100% juice cranberry,NO FILTER,JUICE,FRUIT BEVERAGE,100%  cranberry juice,100,46,11.5,0
149,No filter 100% juice orange,NO FILTER,JUICE,FRUIT BEVERAGE,100% pure orange juice,100,47,11.8,0
150,No filter 100% juice mango,NO FILTER,JUICE,FRUIT BEVERAGE,100%  mango juice,100,46,11.6,0
151,No filter 100% juice strawberry,NO FILTER,JUICE,FRUIT BEVERAGE,100%  strawberry juice,100,46,11.5,0
152,No filter 100% juice lychee,NO FILTER,JUICE,FRUIT BEVERAGE,100% lychee juice,100,46,11.5,0
153,Pokka Ready To Drink Carrot Juice,POKKA,JUICE,FRUIT BEVERAGE,"Water, Carrot Juice Concentrate, Orange Juice Concentrate, Apple Juice Concentrate, Sucrose, Citric Acid, Vitamin C, Vitamin E",100,103,25.8,0
154,RIO Blueberry Peach Bubbly Fruit Drink Can,RIO,JUICE,FRUIT BEVERAGE,"Acidity Regulators INS 330, Acidity Regulators  INS 296, Acidity Regulators  INS 333, Apple Juice (8%), Carbon Dioxide (INS 290), Honey, Mix Berry Juice (2%), Permitted Class II Preservative (INS 211), Permitted Nature Identical Flavour Blueberry,Permitted Nature Identical Flavour  Peach, Purified Water, Sugar, Vitamin C, Peach Juice (2%)",100,40,11,0.5
155,RIO Acai Berry & Mixed Berry Bubbly Fruit Drink Can,RIO,JUICE,FRUIT BEVERAGE,"Purified Water, Sugar, Apple Juice (7%), Mix Berry Juice (5%), Carbon Dioxide (INS290), Acidity Regulators INS296,Acidity Regulators INS330,Acidity Regulators INS331), Vitamin C, Permitted Class I Preservative (INS211), Honey, Permitted Synthetic Colours (INS133, INS122), and Permitted Nature Identical Flavour (Acai Berry)",100,40,10,0.5
156,RIO WildBerry Bubbly Fruit Drink Can,RIO,JUICE,FRUIT BEVERAGE,"Purified Water, Sugar, Mix Berry Juice (7.5%), Apple Juice (7.5%), Carbon Dioxide (Ins 290), Acidity Regulators Acidity Regulators Ins 296,Acidity Regulators Ins 330,Acidity Regulators  Ins 331, Vitamin C, Permitted Class Ii Preservative (Ins 211) , Honey, Contains Permitted Synthetic Colours Ins 133,Contains Permitted Synthetic Colours Ins 122, Contains Permitted Nature Identical Flavour (Wild Berry)",100,40,10,0.5
157,RIO Pink Guava Bubbly Fruit Drink Can,RIO,JUICE,FRUIT BEVERAGE,"Acidity Regulators INS 296, Acidity Regulators INS 330,Acidity Regulators INS 331, Carbon Dioxide (INS 290), Guava Juice (Apple Juice (5%), Honey, Permitted Class II Preservative (INS 211), Permitted Nature Identical Flavour (Guava), Purified Water, Sugar, Vitamin C, Contains Permitted Synthetic Colours (INS 122)",100,48,12,0.5
158,Appy Fizz Apple Soft Drink,APPY,JUICE,SODA,"Water, Sugar, Carbonating Agent (Ins 290), Acidity Regulators Ins 296, Acidity Regulators Ins 331(Iii), Acidity Regulators Ins 330, Stabilizer (Ins 440), Natural Colour (150D), Preservative (Ins 211), Antioxidant (Ins 300), Nature-Identical Flavouring Substance (Apple)",100,51.8,12.95,0
159,Paper Boat Aamras Drink,PAPER BOAT,JUICE,FRUIT BEVERAGE,"Mango Pulp, Cardamom Powder, Saffron Powder",100,61.2,15.3,0
160,Dabur Real Mango Drink,DABUR REAL,JUICE,FRUIT BEVERAGE,"Acidity Regulator (INS 330), Added Flavours (Nature Identical Flavouring Substances), Antioxidant (INS 300), Blend of Mango Pulp (25%) [Including Alphonso Mango Pulp (0.5%)], Colour (INS 160 A (Ui)), Stabilizer (INS 440), Sugar, Water",100,57,14.3,0
161,Del Monte Green Apple Fruit Drink Crisp,DEL MONTE,JUICE,FRUIT BEVERAGE,"Acidity Regulators (INS 296, INS 330), Apple Juice (Reconstituted From Apple Juice Concentrate) (30%), Iodized Salt, Sugar, Water",100,45.2,11.3,0
162,Raw Pressery Refreshers Aam Mango Drink,RAW PRESSERY,JUICE,FRUIT BEVERAGE,"Acidity Regulator (INS 330), Antioxidants (Vitamin C - INS 300), Colour (INS 160a), Khandsari Sugar, Mango Pulp (28%), Natural Flavouring Substances, Pectin, Stevia",100,40.1,9.6,0.4
163,B Natural Guava,BE NATURAL,JUICE,FRUIT BEVERAGE,"Water, Guava Pulp (20.3%), Apple Juice Concentrate (4.16%), Natural Flavours and Natural Flavouring Substances, Acidity Regulators 330,Acidity Regulators  331(), Stabilizers 466,Stabilizers  415, Vitamin, Sweeteners 960,Sweeteners 955, Colours 150d, Colours 124 , lodized Salt.",100,20,5,0.1
164,Alo Frut Litchi,ALOFRUT,JUICE,FRUIT BEVERAGE,"Acidity Regulator (INS 330), Aloevera Juice and Pulp, Cane Sugar, Litchi Pulp, Nature Identical Flavouring Substances, Preservatives INS 202 ,Preservatives INS 211, Stabiliser INS 414, Stabiliser INS 419, Stabiliser INS 440, Stabiliser INS 445, Water",100,42.68,10.67,0
165,Bindu Fizz Jeera Masala Soft Drink,BINDU,JUICE,SODA,"Purified Water, Sugar, Carbon Dioxide (INS 290), Salt, Acidity Regulator (INS 330), Class I Preservative (INS 211), Contains Permitted Natural Colour (INS 150D) , Synthetic Food Colour INS 102,Synthetic Food Colour INS 110,Synthetic Food Colour INS 122,Synthetic Food Colour INS 133, Added Flavours Natural and Nature Identical Flavouring Substances (Jeera)",100,47,11.6,0.1
166,Fanta Orange Flavoured Soft Drink,FANTA,JUICE,SODA,"Carbonated Water, Sugar, Acidity Regulator (INS 330), Stabilizers INS 414,Stabilizers INS 445, Preservative (INS 211), Colour (INS 110), Flavours (Natural and Nature-identical Flavouring Substances)",100,56,14,0
167,Bombay Banta Lemon Soda Soft Drink,BOMBAY BANTA,JUICE,SODA,"Carbonated Water, Cumin Powder, Lemon Juice Concentrate (2.1%), Preservative (INS 211), Salt, Sugar, Black Pepper Powder, Black Salt",100,46,11,0
168,Bombay Banta Kala Khatta Soft Drink,BOMBAY BANTA,JUICE,SODA,"Carbonated Water, Cumin Powder, Lemon Juice Concentrate (2.1%), Preservative (INS 211), Salt, Sugar, Black Pepper Powder, Black Salt, Addity Regulators (INS 5330)",100,48,12.2,0
169,Thums Up X Force,THUMS UP,JUICE,SODA,"Carbonated Water, Acidity Regulator (338), Caffeine, Colour (150d), Preservative (211), Sweeteners 955,Sweeteners 950,  Flavours (Natural, Nature Identical, Artificial (Cola) Flavouring Substances)",100,0,0,0
170,Bombay Banta Masala Soda Soft Drink,BOMBAY BANTA,JUICE,SODA,"Carbonated Water, Citric Acid, Lemon Juice Reconstituted (2%), Acidity Regulator (INS 330), Added Flavours (Natural and Nature Identical Flavouring Substances - Jeera), Salt, Sugar, Class II Preservative (INS 211)",100,42,10.6,0
171,Paper Boat Swing Jeera Soft Drink,PAPER BOAT,JUICE,SODA,"Added Flavours (Natural and Nature Identical Flavouring Substances - Jeera), Cane Sugar, Citric Acid (INS 330), Co (INS 290),Apple 7%, Lemon 3%, Iodised Salt, Permitted Class-II, Permitted Natural Food Colour (INS 150D), Preservative (INS 211), Vitamin C (INS 300), Purified Water",100,46,11.5,0
172,Aloha Strawberry and Lime Flavoured Soft Drink,ALOHA,JUICE,SODA,"Carbonated Water, Sugar, Acidity Regulator INS 330,Acidity Regulator INS 331, Preservative (INS 211), Sweetener (INS 955), Nature Identical Flavour, Antioxidant (INS 300), Synthetic Colour (INS 124)",100,90,21.3,0
173,Aloha Peach Flavoured Soft Drink,ALOHA,JUICE,SODA,"Carbonated Water, Sugar, Acidity Regulator INS 330,Acidity Regulator INS 331, Preservative (INS 211), Sweetener (INS 955), Natural & Nature Identical Flavour, Antioxidant (INS 300), Synthetic Colour INS 102,Synthetic Colour INS 122)",100,84,21.3,0
174,Aloha Pudina Masala Soft Drink,ALOHA,JUICE,SODA,"Carbonated Water, Sugar, Acidity Regulator INS 330,Acidity Regulator INS 331), Preservative (INS 211), Sweetener (INS 955), Natural and Nature Identical Flavour, Antioxidant (INS 300), Synthetic Colour INS 102,Synthetic Colour INS 133), Cloudifier",100,84,20.6,0
175,NEOPOP Mango Bliss Can,NEOPOP,JUICE,SODA,"Carbonated Water, Sugar, Alphonso Mango Pulp (5%), Acidity Regulator (INS 330), Preservative (INS 211), Permitted Natural Colour (Betacarotene), Natural and Nature-identical Flavours",100,40.7,10.2,0
176,NEOPOP Lemon Squeeze Can,NEOPOP,JUICE,SODA,"Carbonated Water, Sugar, Lemon Juice (2.5%), Acidity Regulator (330),  Preservative (211)",100,38.6,9.6,0
177,NEOPOP Orange Splash Can,NEOPOP,JUICE,SODA,"Carbonated Water, Sugar, Orange Juice (5%), Acidity Regulator (330), Preservative (211), Natural Colour (Betacarotene), Natural Flavours",100,40,10,0
178,Monster-S The Doctor Imported Energy Drink,MONSTER-S,JUICE,SODA,"Carbonated Water, Sucrose, Orange, Lemon, Glucose Syrup, Lemon Fruit, Natural Flavourings, Taurine (0.4%), Acidity Regulators Calcium Lactate, Acidity Regulators Sodium Citrate, Acid (Citric Acid), Panax Ginseng Root Extract (0.08%), Preservative (Potassium Sorbate), Antioxidant (Ascorbic Acid), Caffeine (0.03%), Vitamins B2,Vitamins B3,Vitamins B6,Vitamins B12, L-Carnitine L-Tartrate (0.004%), Sweetener (Sucralose), Sodium Chloride, D-Glucronolactone, Guarana Seed Extract (0.002%), Inositol, Maltodextrin",100,186,11,0
179,Dr Pepper Sparkling Fruit Flavour Soft Drink,DR PEPPER,JUICE,SODA,"Carbonated Water, Sugar, Colour (Caramel E150d), Phosphoric Acid, Sweeteners Aspartame,Sweeteners Acesulfame K, Preservative (Potassium Sorbate), Flavourings Including Caffeine",100,85,4.9,0
180,Bisleri Limonata Lemon and Mint Soft Drink,BISLERI,JUICE,SODA,"Water, Sugar, Clear Lemon Juice Concentrate (0.83%), Carbon Dioxide, Sodium Benzoate (INS 211), Malic Acid (INS 296), Sodium Citrate (INS 331(iii))",100,47,11.7,0
181,Limca Lemon Soft Drink,LIMCA,JUICE,SODA,"Added Flavours (Natural, Nature-Identical and Artificial Flavouring Substances - Lemon Flavour), Acidity Regulators INS 330, Acidity Regulators INS 331, Carbonated Water, Preservative (INS 211), Stabilizers INS 414,Stabilizers INS 471, Sugar",100,44,11.1,0
182,Dabur Hommade Lemon Concentrated Liquid,DABUR HOMMAD,JUICE,FRUIT BEVERAGE,"Water, Lime Juice, Lemon Juice Concentrate, Contains Permitted Class II Preservative (INS 224)",100,31,2.5,0
183,Sprite Lemon and Lime Soft Drink,SPRITE,JUICE,SODA,"Acidity Regulators INS 330,Acidity Regulators INS 331(III), Carbonated Water, Flavours (Natural Flavoring Substances), Preservative (INS 211), Sugar",100,49,12.2,0
184,7 Up Lemon Soft Drink,7 UP,JUICE,SODA,"Carbonated Water, Sugar, Acidity Regulators (330,Acidity Regulators 331,Acidity Regulators 296), Preservative (211)",100,47,11.7,0
185,7UP Nimbooz Soft Drink,7 UP NIMBOOZ,JUICE,SODA,"Water, Sugar, Concentrated Lemon Juice (0.7%), Acidity Regulators 331(Iii),Acidity Regulators 296,Acidity Regulators 330, Flavour (Natural Flavouring Substances), Iodised Salt, Stabilizer (445(Iii)), Preservative (202)",100,42,10.6,0
186,Mountain Dew Lemon Soft Drink,MOUMTAIN DEW,JUICE,SODA,"Carbonated Water, Sugar, Regulators 330,Regulators 331, Flavour (Natural Flavouring Substances), Preservative (211), Caffeine (13 Mg/100 G), Stabilizer (445 (iii)), Colour (102)",100,49,12.3,0
187,Pluckk Natural Tender Coconut Water With Real Malai Chunks,PLUCKK,JUICE,COCONUT WATER,"Tender Coconut Water (99.30%) ,Coconut chunks (0.70%)",100,46,11.52,0
188,Paper Boat Tender Coconut Water,PAPER BOAT,JUICE,COCONUT WATER,"Coconut water (99%), Sugar,Preservative (NSN)",100,22,5.5,0
189,Mirinda Orange Flavoured Soft Drink,MIRINDA,JUICE,SODA,"Carbonated Water, Sugar, Acidity Regulators 330, Acidity Regulators 331, Flavour (Natural Flavouring Substances), Sweeteners 955,Sweeteners 960, Preservative (211), Stabilizer (444), Colour (110)",100,28,6.9,0
190,Sting Energy Drink,STING,JUICE,SODA,"Carbonated Water, Sugar, Acidity Regulators 330,Acidity Regulators 331, Flavour (Natural and Nature Identical Flavouring Substances), Sequestrants 452(I),Sequestrants 385, Taurine, Caffeine (29 Mg/100 Ml), Preservatives 211,Preservatives 202, Sweeteners 955, Sweeteners 950, Colour (129), Inositol, Vitamins Premix",100,28,7,0
191,Red Bull Energy Drink,RED BULL,JUICE,SODA,"Water, Sucrose, Glucose, Acidulant (Citric Acid), Carbon Dioxide, Taurine (0.4%), Acidity Regulators Sodium Bicarbonate,Acidity Regulators Magnesium Carbonate, Flavours (Natural and Artificial), Colour (Caramel), Caffeine (0.03%), Vitamins (Niacin, B6, B2, B12)",100,45,11,0
192,Gatorade Blue Bolt Zero Sugar Energy Drink,GATORADE,JUICE,SODA,"Water, Sugar (5.4%), Dextrose, Acidity Regulator (330), Mineral Salts, Flavour Emulsion (Flavouring Substances, Stabilizers (445), Colour (102))",100,1,0,0
193,Gatorade Orange Zero Sugar Energy Drink,GATORADE,JUICE,SODA,"Acidity Regulator (INS 330), Dextrose, Flavour Emulsion (Flavouring Substances), Colour (INS 110), Mineral Salts, Stabilizer (INS 444), Sugar, Water",100,24,0,0
194,Gatorade Lemon Zero Sugar Energy Drink,GATORADE,JUICE,SODA,"Water, Dextrose, Acidity Regulator (330), Mineral Salts, Flavour Emulsion (Flavouring Substances), Stabilizers (445), Colour (102)",100,24,0,0
195,Smoodh Chocolate Milk Drink,SMOODH,JUICE,MILKSHAKE,"Water, Double Toned Milk (40%), Sugar, Whey Powder, Milk Solids, Cocoa Solids (1%), Malt Extract, Emulsifiers ,Stabilizers INS 460(i),Stabilizers INS 471,Stabilizers INS 466, Stabilizers INS 407,Stabilizers INS 340,Stabilizers INS 452, Nature Identical Flavouring Substance (Chocolate), Iodised Salt",100,83.8,14.6,2.3
196,Smoodh Chocolate and Hazelnut Milk Drink,SMOODH,JUICE,MILKSHAKE,"Water, Double Toned Milk (40%), Sugar, Whey Powder, Milk Solids, Cocoa Solids (1%), Malt Extract, Emulsifiers, Stabilizers INS 460(i),Stabilizers INS 471,Stabilizers INS 466,Stabilizers INS 407,Stabilizers INS 340,Stabilizers INS 452, Chocolate, Hazelnut, Iodised Salt",100,83.8,14.6,2.3
197,Smoodh Toffee Caramel Milk,SMOODH,JUICE,MILKSHAKE,"MILK SOLIDS*, WATER, SUGAR, DEXTROSE, MALT EXTRACT, NATURAL COLOUR (INS 150c) (0.67%), EMULSIFIERS, STABILIZERS INS 460(1),STABILIZERS INS 471,STABILIZERS INS 466,STABILIZERS INS 407,STABILIZERS INS 340,STABILIZERS INS 452, COCOA SOLIDS,  CARAMEL, TOFFEE ,VANILLA CAKE, IODISED SALT.",100,88.6,15.9,2.2
198,Hershey's Chocolate Milkshake,HERSHEYS,JUICE,MILKSHAKE,"Water, Sugar, Milk Solids (8%), Cocoa solids (0.75%), Emulsifier 460(1),Emulsifier 466,Emulsifier 471, Mineral (Calcium carbonate), Sequestrant (339(ii)), Edible common salt, Mineral (Zinc sulphate), Vitamin E (Acetate), Vitamin A (Acetate), VitaminD2(Ergocalciferol), VitaminB1 (Thiamine chloride hydrochloride), Vitamin B2 (Riboflavin)",100,166.2,29.27,3.94
199,Hershey's Cookies and Cream Milkshake,HERSHEYS,JUICE,MILKSHAKE,"Water, Mik Solids (11%), Sugar, Liquid Giucose, Mineral Caloium carbonate, Emusfiers 4600,Emusfiers 466 471, Cocoa Solids (0.25%), Flavours (Nature Identical and Atificial Flavounng Substances(Vanila loe cream), Edible Common Sat, Seguestrant (3911), Thickeners 415,Thickeners 407, Mineral (Zinc Sulphate), Vitamin E (Acetate), Vitarmin A (Acetate), Vitamin D2 (Ergocaloferol), Vitamin B1 (Thiamine Chloride Hydrochioride), Vitamin B2 (Riboltavin",100,161.3,29.7,3
200,Hershey's Strawberry Milkshake,HERSHEYS,JUICE,MILKSHAKE,"Water, Sugar, Milk Solids (8%*), Emulsifier 460(i),Emulsifier 466,Emulsifier (471), Mineral (Calcium carbonate), Sequestrant (339 (ii), Thickening agent (415), Mineral (Zinc sulphate), Vitamin E (Acetate), Vitamin A (Acetate), Vitamin D2 (Ergocalciferol), Vitamin B1 (Thiamine chloride hydrochloride), Vitamin B2 (Riboflavin), Edible common salt.",100,155.6,28.5,3.6
201,Sunfeast Dark Fantasy Chocolate Milkshake With Belgian Chocolate,SUNFEAST,JUICE,MILKSHAKE,"Milk Solids (82.9%), Sugar, Water, Cocoa Powder (1.3%), Nature Identical Flavouring Substances, Stabilizers 407,Stabilizers412, Emulsifier Mono-and di-glycerides of fatty acids (from Palm oil)], Belgian Chocolate (0.1%), Acidity Regulator (339 (ili), Chocolate, VANILLA CAKE, lodized Salt,Contains Milk, Soy, May Contain Nut, Wheat, Oat",100,110,17.5,3.1
202,Creambell Choco Milkshake,CREAMBELL MILKSHAKE,JUICE,MILKSHAKE,"Toned Milk (85%), Potable Water, Sugar, Milk Solids, Cocoa Solids (1.3%), Emulsifying Agents (INS 471), Stabilizing Agents INS 407,Stabilizing Agents 412,Stabilizing Agents 415, Acidity Regulators INS 340 (ii),Acidity Regulators INS 340 (iii),Acidity Regulators INS 452 (i), Colour (INS 150d), Flavour Nature-Identical Flavouring Substances (Belgian Chocolate)",100,98,14,3.4
203,Creambell Coffee Milkshake,CREAMBELL MILKSHAKE,JUICE,MILKSHAKE,"Double Toned Milk (82%), Potable Water, Sugar, Milk Solids, Coffee Powder (0.4%), Emulsifying Agents (INS 471),Stabilizing Agents INS 407,Stabilizing Agents 412,Stabilizing Agents 415, Acidity Regulators INS 340 (ii),Acidity Regulators 340 (ii),Acidity Regulators 452 (i), Colour (INS 150d), Flavour Nature-Identical Flavouring Substances (Coffee)",100,84,14,3.4
204,Epigamia Turbo VANILLA CAKE and Caramel Protein Milkshake,EPIGAMIA,JUICE,MILKSHAKE,"Skimmed Milk (80%), Milk Solids, Water, VANILLA CAKE,Caramel, Acidity Regulators INS 340,Acidity Regulators INS 452,Acidity Regulators INS 339(ii), Stabilizers (INS 407), Sweetener (INS 955), Edible Common Salt",100,136,8,25
205,Phab 18g Protein Mango Magic Milkshake,PHAB,JUICE,MILKSHAKE,"Purifed Water, Protein 15% Milk Protein Concentrate,Protein 15% Milk Solids, Probiotic Fructooligosaccharide, Artificial Flavour Substances - Mango, Stabilizers INS 407,Mango, Stabilizers INS460(i),Mango, Stabilizers INS 466, Sequestrant INS 331 (iii),Sequestrant INS 452 (),Acidity Regulator INS 339(iii), Emulsifier (INS 471),Synthetic Food Colour INS 110,ynthetic Food Colour INS 102, Artificial Sweetener (INS 955)",100,125.9,8,18
206,Heritage Chocolate and Caramel Milkshake,HERITAGE,JUICE,MILKSHAKE,"Toned Milk, Sugar, Cocoa Powder, Emulsifier,Stabilizers INS 471,Stabilizers INS 412,Stabilizers INS 407 Acidity Regulator (INS339 (ii))",100,101.5,14.1,3.4
207,Heritage Pista Flavoured Milk,HERITAGE,JUICE,MILKSHAKE,"Toned milk, Sugar, Almond bits (0.6%), Malai, Saffron, Iodized salt, Natural food color (INS 150 c), Acidity regulator (INS339(ii)), Stabilizers (INS 407), Cardamom extract",100,83.9,14.3,3.3
208,Heritage VANILLA CAKE Flavoured Milk,HERITAGE,JUICE,MILKSHAKE,"Double Toned Milk, Sugar, Synthetic Food Colour (E102),Artificial VANILLA CAKE Flavouring Substance",100,84,14.3,3.3
209,Nestle Milo Health Chocolate Drink with Millets,MILO,JUICE,MILKSHAKE,"Toned Milk (80%), Water, Sugar, Malted barley (1.4%), Millet (Bajra) (1.4%), Cocoa solids (1%), Acidity regulators 340(ii), Acidity regulators 341(ii), Stabilizers 412,Stabilizers 407, VitamINS, Sweetener (960),Mineral",100,80,11.4,2.9
210,Amul Gold Kool Exotic Rose Flavoured Milk,AMUL,JUICE,MILKSHAKE,"Toned Milk, Sugar, Milk Solids, Synthetic Food Colour (127), Artificial Flavouring Substances (Rose)",100,164,22.5,5.6
211,Amul Kool Kesar Milk Drink,AMUL,JUICE,MILKSHAKE,"Toned Milk, Milk Solids, Sugar, Synthetic Food Colours 102,Synthetic Food Colours 110, Artificial Flavouring Substances (Kesar)",100,163,22.5,5.6
212,Amul Gold Kool Premium Kesar Flavoured Milk,AMUL,JUICE,MILKSHAKE,"Toned Milk, Sugar, Milk Solids, Synthetic Food Colours 102,Synthetic Food Colours 110, Artificial Flavouring Substances (Kesar)",100,164,22.5,5.6
213,Amul Taaza Homogenised Toned Milk (Tetra Pack),AMUL,JUICE,MILKSHAKE,"Toned Milk Fat 3.0% Minimum,Toned Milk Snf 8.5% Minimum",100,58.2,4.8,3
214,Amul Gold Kool Royal Elaichi Flavoured Milk,AMUL,JUICE,MILKSHAKE,"Toned milk, sugar, milk solids, synthetic food colours 102,synthetic food colours 133, artificial flavouring substances (elaichi)",100,164,22.5,5.6
215,Nescafe Ready To Drink Coffee Flavoured Milk Iced Latte Cold Coffee,NESCAFE,JUICE,COFFEE,"Double Toned Milk (87%), Sugar, Coffee (0.8%), Acidity Regulator (339(ii)), Stabilizer (407), Iodized Salt",100,126,19.4,5.8
216,BRU Classic Cold Coffee Tetra Pack,NESCAFE,JUICE,COFFEE,"Double Toned Milk, Sugar, Milk Solids, Coffee (0.62%), Stabilizers INS 1440,Stabilizers INS 460 (i),Stabilizers INS 466,Stabilizers INS 407, Acidity Regulator (INS 339 (ii))",100,138,22.2,7
217,Nescafe Cafe Style Iced Frappe Cold Coffee,NESCAFE,JUICE,COFFEE,"Toned milk (48%), Water, Sugar, Dried glucose syrup, Coffee (0.8%), Stabilizers 466,Stabilizers 460(i), Acidity regulators 500(ii),Acidity regulator 332(ii), Emulsifier (322(i)), Thickener (415), Iodized salt",100,54,9.7,1.4
218,Nescafe Ready To Drink Coffee Flavoured Milk Intense Cafe Cappucino Cold Coffee,NESCAFE,JUICE,COFFEE,"Double Toned Milk (87%), Sugar, Coffee (0.8%), Acidity Regulator (339(ii)), Nature-Identical (Cappuccino) Flavouring Substances,Stabilizer (407)",100,126,19.4,5.8
219,Cravova Hazelnut Cold Coffee,CRAVOVA,JUICE,COFFEE,"Milk solid, Sugar, Coffee, Natural Flavoring Substance",100,83.2,11.5,3
220,Cravova Mocha Cold Coffee,CRAVOVA,JUICE,COFFEE,"Milk, Milk Solids, Sugar, Coffee (0.8%), Cocoa Powder (0.25%), Acidity Regulator (INS 339(ii)),Stabilizer (INS 418)",100,83.2,11.5,3
221,"Tata Cold Coffee Belgian Chocolate Iced Coffee, Rich & Creamy, Flavoured Milk",TATA COFFEE GRAND,JUICE,COFFEE,"Water, Sugar, Coffee, Nature-Identical Flavouring Substance, Cocoa Powder, Stabilisers, Chicory,,Preservative",100,31,7,0.2
222,Dairy Day Bento Cake Choco Fantasy Ice Cream Cake - Box,DAIRY DAY,CAKE,ICECREAM CAKE,"Ice Cream (45%): Milk Solids, Water, Cocoa Solids, Sugar, Emulsifier INS 477,Emulsifier 471, Stabiliser INS 410,Stabiliser 412, Contains Added Flavour - Nature Identical Chocolate Flavouring Substances. Eggless Chocolate Cake (24%): Wheat Flour, Water, Edible Vegetable Oil, Raising Agents (INS 341(ii)), Corn Starch, Emulsifier, Stabiliser INS 415,Stabiliser 433,Stabiliser 471,Stabiliser 475, Dextrose, Salt, Baking Powder, Choco Compound Chips (15%) , Edible Vegetable Fat, Cocoa Solids, Emulsifier (INS 322), Chocolate Flavoured Non Dairy Whip Cream (9%), Cherry, Chocolate Syrup (7%) Water, Milk Solids, Sugar, Vanillin, Stabiliser (INS 415)",100,79.3,39,4.3
223,Winkies Cake - Chocolate Cake Slice,WINKIES,CAKE,CHOCOLATECAKE,"REFINED WHEAT FLOUR (MAIDA), SUGAR,EGGS, BAKERY SHORTENING, WATER, PALM OIL, HUMECTANTS INS 422,HUMECTANTS INS 420, LIQUID GLUCOSE, COCOA SOLIDS (2%), INVERT SYRUP, MIXED FRUIT JAM, MILK SOLIDS, NATURAL FOOD COLOUR (INS 150d), CAKE GEL INS 471, CAKE GEL INS 477, CAKE GEL INS 1520, CAKE GEL INS 420, CAKE GEL INS 412, RAISING AGENT [INS 500(ii)], BAKING POWDER, EDIBLE COMMON SALT, PRESERVATIVE INS 282,PRESERVATIVE INS 200, ACIDITY REGULATOR (INS 260), ARTIFICIAL FLAVOUR(S),CHOCOLATE AND VANILLA CAKE, STABILIZER INS 412,STABILIZER INS 415), EMULSIFIERS INS 471,EMULSIFIERS INS 477,EMULSIFIERS INS 322, NATURE-IDENTICAL FLAVOUR (ORANGE).",100,427.9,52.1,7.2
224,The Baker's Dozen VANILLA CAKE Cake,THE BAKER'S DOZEN,CAKE,VANILLA CAKE,"Wholewheat Flour (27%), Sunflower Oil,Sugar, Condensed Milk, Apple Cider Vinegar, Baking Powder, Raising Agent (INS 500 (ii)), lodized Salt, Preservatives INS 202,Preservatives INS 282, CONTAINS ADDED ARTIFICIAL FLAVOURING SUBSTANCES (VANILLA CAKE)",100,380,48,6
225,The Baker'S Dozen Fresh Orange Cake,THE BAKER'S DOZEN,CAKE,ORANGE CAKE,"Refined Wheat Flour (Maida), Sugar, Orange Juice (21%) ,Water, Sugar, Orange Concentrate (20.40%)^, Orange Pulp (0.5%)^, Vitamin C, Flavour (Natural Flavouring Substances), Sunflower Oil, Condensed Milk, Apple Cider Vinegar, Orange Peel Candy (1%), Baking Powder, Raising Agent (INS 500 (ii)), lodized Salt, Preservatives INS 202,Preservatives INS 282.",100,358,55,5
226,Britannia Gobbles Bar Cake - Fruity Fun,BRITANNIA,CAKE,CAKE,"Refined Wheat Flour (Maida), Egg, Sugar, Vanaspati, Fruit Products (7.4%),Glazed Fruits Papaya Cuts,Glazed Fruits Preservative (202), Colours 124,Colours 110, Orange Pulp, Interesterified Vegetable Fat, Humectant (422), Refined Palmolein Oil, Liquid Glucose, Dextrose, High Maltose Syrup, Fructooligosaccharides, Cake Gel,Emulsifiers 471,Emulsifiers 477,Emulsifiers470(i), Humectants 1520,Humectants 422), Edible Maize Starch, Wheat Starch, Raising Agents (341(i),Raising Agents 500(ii),Raising Agents 450(vii),Raising Agents 450(i), Nature Identical, Artificial (Mixed Fruit, Creamy VANILLA CAKE) Flavouring Substances, lodised Salt, Invert Sugar Syrup, Preservatives 202,Preservatives 282, Acidity Regulator (330), Baking Powder, Emulsifier (475), Stabilizer (415), Colour (102).",100,450,59,5.7
227,The Baker's Dozen Banana Bread 100% Wholewheat,THE BAKER'S DOZEN,CAKE,BANANA BREAD,"Sugar, Wholewheat Flour (18%), Bananas (18%), Sunflower Oil, Whole Egg Powder, Banana Powder (2%), Raising Agent (INS 500 (ii)), Preservatives INS 202,Preservatives INS 282",100,393,44,7
228,The Baker's Dozen Wholewheat Banana Walnut Cake,THE BAKER'S DOZEN,CAKE,BANANAWALNUT CAKE,"Sugar, Banana (19%), Sunflower Oil, Wholewheat Flour (Atta) (14%), Walnuts (13%), Whole Egg Powder, Banana Powder (2%), Raising Agent (INS500()), Preservative INS202,Preservative INS282.",100,448,43,9
229,Britannia Fudge It Chocolate Brownie (With Egg),BRITANNIA,CAKE,BROWNIE,"SUGAR, REFINED WHEAT FLOUR (MAIDA), REFINED PALMOLEIN OIL, EGGS, CHOCO CALLETS (10%),SUGAR, HYDROGENATED VEGETABLE FAT, COCOA SOLIDS, EMULSIFIER (491), DEXTROSE, EMULSIFIER (322(i)), NATURAL FLAVOURING SUBSTANCES, MILK CHOCOLATE CHIPS (8%) , COCOA BUTTER, MILK SOLIDS, COCOA SOLIDS, DEXTROSE, EMULSIFIER (322(i)), NATURAL FLAVOURING SUBSTANCES, COCOA SOLIDS (2%), HIGH MALTOSE SYRUP, LIQUID GLUCOSE, IODISED SALT,BROWNIE MAGNUM, VANILLA CAKE FLAVOURING SUBSTANCES, COLOUR (150d), EMULSIFIER (471), PRESERVATIVES 202,PRESERVATIVES 282, STABILIZER (415), BAKING POWDER,ACIDITY REGULATOR (330).",100,470,58.5,5
230,Winkies Fruit Cake Slice,WINKIES,CAKE,FRUIT CAKE,"REFINED WHEAT FLOUR (MAIDA), EGGS, SUGAR, BAKERY SHORTENING, WATER, PALM OIL, FRUIT CUTS (6%), HUMECTANTS INS 422,HUMECTANTS INS 420, LIQUID GLUCOSE, MIXED FRUIT JAM, MILK SOLIDS, INVERT SYRUP, CAKE GEL INS 471, CAKE GEL INS 477, CAKE GEL INS 1520,CAKE GEL  INS 420,CAKE GEL INS 412, RAISING AGENT [INS 500(ii)], BAKING POWDER, EDIBLE COMMON SALT, PRESERVATIVES INS 282,PRESERVATIVES  INS 200, ACIDITY REGULATOR (INS 260), STABILIZER INS 412,STABILIZER  INS 415, EMULSIFIERS INS 471,EMULSIFIERS INS 477, EMULSIFIERS INS 322, NATURAL FLAVOUR (LEMON), NATURE-IDENTICAL FLAVOUR (ORANGE) AND ARTIFICIAL FLAVOUR (VANILLA CAKE)",100,425.7,53.9,6.2
231,Britannia Gobbles Marble Red Velvet Cake,BRITANNIA,CAKE,CAKE,"REFINED WHEAT FLOUR MAIDA, SUGAR, EGGS, REFINED VEGETABLE FAT CIINTERESTERIFIED VEGETABLE FAT, SESAME OIL, EMULSIFIER (471), ANTIOXIDANT (319) & VITAMIN AJ, HUAIECTANTS [422, 420(II)], REFINER PALMOLEIN OIL, HIGH MALTOSE SYRUP, LIQUID GLUCOSE, EDIBLE MAIZE STARCH, CAKE GEL (EMULSIFIERS AND STABILIZERS (471 & 477) AND HUMECTANT [420(II)]), RAISING AGENTS (341(1), 500(II), 450(1)), CAKE MIX [COLOUR (162), EMULSIFIER (471)), IODISED SALT, INVERT SUGAR SYRUP, NATURE IDENTICAL & ARTIFICIAL (VANILLA CAKE, CHEESE) FLAVOURING SUBSTANCES, COCOA SOLIDS (0.3%), PRESERVATIVES (202, 200, 282), BAKING POWDER, ACIDITY REGULATOR (330). STABILIZER (415), COLOURS(129, 122, 124)",110,414,54.4,0
232,Winkies Swiss Roll Chocolate,WINKIES,CAKE,SWISS ROLL,"Refined Wheat Flour, Sugar, Eggs, Water, Liquid Glucose, Humectants, Cocoa Solids, Cake Gel, Palmolein Oil, Milk Solids, Emulsifiers, Natural Food Colour, Raising Agent, Edible Common Salt, Acidity Regulator, Preservatives, Artificial Flavour, Starch, Stabilizer, Liquid Glucose, Bakery Shortening, Margarine, Dextrose, Invert Syrup",100,407.83,59.1,6.75
233,Modern Pineapple Pop Cake,MODERN,CAKE,CAKE,"Sugar, Refined Wheat Flour (Maida), Eggs, Edible Vegetable Fat (Margarine), Edible Vegetable Oil (Sunflower Oil), Glazed Fruit cuts (520/0) (Papaya, sugar, Acidity Regulator (330), Preservative (211), CONTAINS PERMITTED SYNTHETIC FOOD COLOR (102), Pineapple Cuts (0.4%)), Humectants (422, 420(ii)), Maize Starch, Cake Mix [Thickener (1414), Emulsifier (471), Raising Agents (500(li), 450(1)), Stabilizer (415)], Cake Gel [Emulsifiers (471, 477, 470(i)) and Humectants (420(ii), 422)], Liquid Glucose, Invert syrup, Acidity Regulators (341(1), 330), Preservatives (282, 200), Baking Powder, Raising Agent (500(ii)) and lodized Salt",100,407,53,5
234,Cadbury Chocobakes ChocLayered Cakes,OREO,CAKE,CAKE,"Cake (45%) - Refined Wheat Flour (Maida), Sugar, Humectants (420 (ii), 422, 1520), Palm Olein, Líquid Glucose, Milk Solids, Cocoa Solids, Starch, Emulsifiers (322, 475, 471, 491), Raising Agent (500(1),450), 341(1)), lodised Salt, Flavours (Natural Flavour, Nature Identical Flavouring Substances), Preservative (202), Stabilizer (415)); Chocolayer (29%) - Sugar, Hydrogenated Vegetable Oils, Milk Solids, Cocoa Solids, Emulsifiers (442,476)), Flavours (Nature Identical, Artificial (VANILLA CAKE and Caramel) Flavouring Substances); Filling (26%*) -(Sugar, Fractionated Fat, Liquid Glucose, Humectant (422, 1520), Water, Emulsifiers (322, 475, 471, 491), Cocoa Solids, Flavours (Natural flavour, Nature Identical Flavouring Substances), lodised Salt, Preservative (202)). Allergen Information: Contains Milk, Wheat, Sulphites and Soy.",100,466,64.2,3.8
235,The Baker'S Dozen Zero Maida Donut Cake,THE BAKER'S DOZEN,CAKE,DONUT CAKE,"Wheat Flour (Atta), Unrefined Cane Sugar, Sunflower Oil, Vegetable Fat (Coconut), Milk Solids, Maize Starch, Glycerine, Cocoa Powder, Salt, Liquid Glucose, Dextrose, Emulsifiers, Stabilizers, Raising Agents, Baking Powder, Humectant, Thickener, Acidity Regulator, Enzyme, Firming Agent, Preservatives, Chocolate, and VANILLA CAKE Flavouring Substances",100,462,57,6
236,Bauli Moonfils Croissants Choco Cream (Egg),BAULI,CAKE,CROISSANTS,"Croissant (-74%)-Refined Wheat Flour (Maida), Water, Partially Hydrogenated Oil, Refined Palm Oil, Sugar, Pasteurized Liquid Whole Egg With 30% Sugar (6.0%), Wheat Sourdough, Humectant (INS 420(i))], Bakery Mox (Emulsifier (INS-471), Wheat Gluten, Flour Treatment Agent [INS 11000), 1101(0), Xylanase, Starch, Antioxidant (INS 300)), Yeast, Edible Common Salt, Stabilizer (INS 1422), Milk Solids, Wheat Sourdough Powder, Emulsifier [INS 472e, 481()), Preservatives (INS 282), Wheat Gluten, Enzyme Xylanase, Flavour (Nature Identical and Artificial Flavoring Substances - VANILLA CAKE, Butter) ,Glucose Fructose Syrup, Sugar, Water, Refined Palm Oil, Cocoa Solids (5.3%), Milk Solids (4.8%), Partially Hydrogenated Oil, Thickeners (INS 1422, 1414, 440), Preservative (INS 202) Acidity Regulator (INS 330), Edible Common Salt, Firming Agent (INS 509), Flavour (Nature Identical and Artificial Flavoring Substances - Chocolate)",100,398,54.5,6.9
237,UNIBIC Fruit N' Nut Cake,UNIBIC,CAKE,CAKE,"Egg, Sugar, Edible Vegetable Oil (Palm), Refined Wheat Flour(Maida), VANILLA CAKE Concentrate [Sugar, Refined Wheat Flour(Maida), Edible Vegetable Oil, Thickeners (INS 1414, INS 1442), Humectant (INS 420), Raising Agents (INS 500, INS 341), Leavening Agent (INS 500 ii), Emulsifier, Stabilizers (INS 471, INS 477, INS 415, INS 466), Acidity Regulator (INS 330), lodized Salt, Preservatives (INS 282, INS 202), Food Colour (INS 150c)], Raisins(5%), Cashew(2%), Humectant (INS 420 i), Glycerine (INS 422), Milk Solids, Cake Gel(Water, Emulsifiers (INS 471, INS 477, INS 470), Humectants (INS 1520, INS 422)], Colour (INS 150), Leavening Agent (INS 500 ii), Natural, Nature Identical and Artificial Flavouring Substances (VANILLA CAKE), Preservatives (INS 282, INS 202).",100,450,49.3,6.4
238,Modern Fruit N Nut Cake,MODERN,CAKE,CAKE,"Refined Wheat Flour (Maida), Sugat, Egg, Hydrogenated Vegetable Fat. Candied Fruits & Vegetables (6.57%) (Sugar, Papaya, Ginger, Orange peel, Acidity Regulator (330), Food Colour (129), Preservatives (202, 224, 211)), Dry Fruits Mix (6.4%) [Raisin (4.9%), Dates (0.8%), Cashew (0.7%)), Cashew Nuts (3.2%), Refined Sunflower Oil, Humectants (422, 420(0), Cake Concentrate Mix [Thickener (1414), Emulsifier (471). Raising Agents (500(1), 450(0), Stabilizers (415, 412)), Jam (1.2%) (Gelling Agent (440) Acidity Regulator C296), Preservatives (211,282), Food Colour (122), Nature Identical Flavouring Substances). Food Colors (150a, 150d), Liquid Glucose, Invert Sugar, Cake Gel [Emulsifiers (477, 470(1), 471), Humectants (420(i)), Acidity Regulator (525)), Nature Identical Flavouring Substances, Spices, lodized Salt, Acidity Regulator (330) Preservative (200), Stabilizer (415)",100,401.3,51.9,6.8
239,UNIBIC Plum Cake,UNIBIC,CAKE,PLUM CAKE,"Candied Fruits & Nuts - {Raisins (7%), Candied Papaya [ Raw Papaya, Sugar, Acidity Regulator (INS 330), Preservative (INS 211)), Grapes, Sugar, Dates, Mixed Fruits [Pear, Pineapple, Papaya, Dehydrated Mango Pulp, Sugar, Acidity Regulator (INS 330) and Peservative (INS 223)], Cashew Nuts, Cherry, Mixed Fruit Jam | Sugar, Mixed Fruit Pulp (Pineapple, Grape), Water, Thickener (INS 440), Acidity Regulator (INS 330), Nature identical Flavouring Substances and Preservative (INS 211)), Oranges, Candied Orange Peel Sugar, Orange Peel, Acidity Regulator (INS 330) and Preservative (INS 224)]. Candied Ginger Peel [Sugar, Ginger Piergs, Acidity Regulator (INS 330) and Preservative (INS 224)), Acidity Regulator (INS 330)), Refined Wheat Flour (Maida), Liquid Egg, Sugar, Edible Vegetable Fat (Interesterified Fat), Edible Vegetable Oil (Sun Flower Oil), Glucose Syrup, Humectant (INS 422), Natural Colour (INS 150a), Cake Improver [Water, Emulsifier (INS 471, INS 477, INS 470), Humectant (INS 422 and INS 1520) and Firming Agent (INS 509)], Humectant (INS 422), Emulsifier (INS 471), Natural, Nature Identical and Artificial Flavouring Substances (VANILLA CAKE, Lemon, Pineapple, Ginger and Milk), Preservative (INS 200 and INS 202), Baking Powder, lodised Salt, Mixed Spices (Cardamom, Cinnamon, Clove, Fennel, Cumin, Nutmeg and Mace), Acidity Regulator (INS 260) and Thickener (INS 466).",100,393.3,58.2,5.5
240,Winkies Fruit Cake Raisin & Tutti Fruitti,WINKIES,CAKE,FRUIT CAKE,"REFINED WHEAT FLOUR (MAIDA), SUGAR, EGGS, BAKERY SHORTENING, PALM OIL, FRUIT CUTS (6%), WATER, HUMECTANTS (INS 422, INS 420), RAISINS (4%), LIQUID GLUCOSE, MIXED FRUIT JAM, PALMOEIN OIL, CAKE GEL (INS 471, INS 477, INS 1520, INS 420, INS 412), RAISING AGENT [BAKING POWDER AND INS 500(ii)], ARTIFICIAL FLAVOUR (VANILLA CAKE), EDIBLE COMMON SALT, PRESERVATIVES (INS 282, INS 200), ACIDITY REGULATOR (INS 260), EMULSIFIER (INS 471), STABILIZER (INS 412 AND INS 415), NATURE-IDENTICAL AND NATURAL FLAVOUR (ORANGE AND LEMON).",100,423.22,53.09,7.58
241,The Baker's Dozen Chocochip Cake No Palm Oil Loaded with Dark Chocolate Chips,THE BAKER'S DOZEN,CAKE,CHOCO CHIP CAKE,"Sugar, Refined Wheat Flour (Maida), Milk,Sunflower Oil, Cocoa Powder (3.2%), Dark Choco Chips (2.9%), Apple Cider Vinegar, Raising Agent (INS 500 (ii), lodized Salt, Preservatives (INS 202, INS 282). CONTAINS ADDED ARTIFICIAL FLAVOURING SUBSTANCE (VANILLA CAKE)",100,340,48,7
242,Winkies Novo VANILLA CAKE Cake,WINKIES,CAKE,VANILLA CAKE CAKE,"REFINED WHEAT FLOUR(MAIDA), SUGAR, PALMOLEIN OIL, VANILLA CAKE CONCENTRATE {MILK SOLIDS, LEAVENING AGENTS [INS 500(ii), INS 341(1)], HUMECTANT (INS 422), CAKE GEL (INS 471, INS 477, INS 1520, INS 420, INS 412, INS 202), ARTIFICIAL FLAVOUR (VANILLA CAKE), EDIBLE COMMON SALT, ACIDITY REGULATOR (INS 260) AND PRESERVATIVES (INS 282, INS 200). FILLING (21%): SUGAR, WATER, PALM OIL, MILK SOLIDS (4%), MARGARINE, MODIFIED STARCH (INS 1412, INS 1440, INS 1442), THICKENER [INS 440(i)), ARTIFICIAL COLOUR (INS 171), ARTIFICIAL FLAVOUR (VANILLA CAKE), PRESERVATIVE (INS 202), ACIDITY REGULATOR (INS 330) AND EDIBLE COMMON SALT",100,370.5,59.9,5.5
243,The Baker's Dozen Zero Maida Chocolate Brownie,THE BAKER'S DOZEN,CAKE,BROWNIE,"Wholewheat Flour (20%), Sugar, Dark Choco Chips (15.7%), Butter, Condensed Milk, Milk, Sunflower Oil, Cocoa Powder, VANILLA CAKE Essence, lodized Salt, Raising Agent (INS 500 (ii)), Preservatives (INS 202, INS 282)",100,442,51,7
244,Winkies English Tea Cake,WINKIES,CAKE,CAKE,"EGG, SUGAR, REFINED WHEAT FLOUR (MAIDA), BAKERY SHORTENING, BUTTER, HUMACTANT (INS 422, INS 420), WATER, CAKE GEL (INS 471, INS 477, INS 1520, INS 420, INS 412), RAISING AGENT (INS 450, INS 500 (ii), EDIBLE COMMON SALT, PRESERVATIVE (INS 200), ACIDITY REGULATOR (INS 260) AND STABILIZER (INS 415).",100,433.03,46.17,7.39
245,The Baker'S Dozen Choco Chip Muffins,THE BAKER'S DOZEN,CAKE,MUFFINS,"Sugar, Refined Wheat Flour (Maida), Milk,Sunflower Oil, Cocoa Powder (3.2%), Dark Choco Chips (2.9%), Apple Cider Vinegar, Raising Agent (INS 500 (ii)), lodized Salt, Preservatives (INS 202, INS 282). CONTAINS ADDED ARTIFICIAL FLAVOURING SUBSTANCE (VANILLA CAKE)",100,340,48,7
246,Bauli Moonfils Croissants Strawberry,BAULI,CAKE,CROISSANTS,"Refned Wheat Flour (Maida), Water, Partially Hydrogenated Oll Sugar, Wheat Sourdough, Refined Palm Oil, Humectant [INS 420(i)), Wheat Gluten, Bakery Mix(E mulsifier (INS471), Wheat Glyten, Flour Treatment Agent [INS 11000), 1101()), Xylanase, Starch, An-Bioxidant (INS 300, Yeast, Emulsifier [INS 471, 477,472(b),470), Humectant (INS 4221, Edible Common Salt, Stabilizer (INS 1422) Milk Solids, Preservative (INS 282), Emulsifier (INS 472e, 481(1) Wheat Sourdough Powder, Enzyme Xylanase, Flavour (Nature identical and Artificial Flavouring Substances-Orange, Butter),Glucose Fructose Syrup, Sugar, Water, Refi-ned Palm Oil, Thickeners (INS 1422, 1414, 440) Strawberry Powder (1.2%), Acidity Regulator (INS 330), Preservative (INS 2021, Edible Common Salt, Firming Agent (INS 509), Black Carrot Extract, Flavour (Nature Identical and Artificial Flavoring Substances-Strawberry",100,394,55.9,6.9
247,"Open Secret Heart Shaped Chocolate Almond Brownie, No Maida, Zero Palm Oil",OPEN SECRET,CAKE,BROWNIE,"Skimmed Milk Powder,Jaggery, Cocoa Powder, Almonds, Oligofructose, Cocoa Butter, Butter, Anti-oxidant (E322).",30,86.52,10.3,3.34
248,Havmor Mud Cake Ice Cream Cake,HAVMOR,CAKE,ICECREAM CAKE,"Added Water, Sugar, Milk Solids, Eggless Chocolate Cake (3.6%) (Sugar, Refined Wheat flour (Maida), Milk Solids, Refined Sunflower Oil, Cocoa Solids, Emulsifiers and Stabilizers (INS 475, INS 471, INS 433, INS 477, INS 415, INS 322), Natural Colour (INS 1500), Baking Powder, Raising Agents (INS 450(i)), Dextrose, lodised Salt, Artificial (Chocolate and VANILLA CAKE) Flavouring substances, Preservatives (INS 202, INS 282), Antioxidant (INS 304)), Cocoa Solids (3.4%), Chocolate (2.1%) [Contains Additives - Emulsifiers (INS 322, INS 476), Nature Identical (VANILLA CAKE) Flavouring Substances), Liquid Glucose, Malt Based Food (0.9%) (Contains Additives-Synthetic Food Colour (INS 150c), Emulsifiers (INS 322, INS 471), Raising Agent (INS 500 (ii))), Emulsifier (INS 471, INS 433) and Stabilizers (INS 466, INS 412, INS 407a, INS 410), Artificial (VANILLA CAKE) Flavouring Substances, Synthetic Food Colours (INS 110, INS 102, INS 122, INS 133).",125,293.3,45.1,4.6
249,The Belgian Waffle Co Cookie & Cream Waffle Crisps,THE BELGAINWAFFLE CO,WAFFLE,WAFFLE,"Refined Wheat Flour (Maida), Sugar, Cookies and Cream Flavoured (23%) [Sugar, Edible Vegetable Fat (Hydrogenated), Milk Solids (Cow/Buffalo), Emulsifier (INS 322(i)) of Soya Origin and Nature Identical (Cookies Cream and VANILLA CAKE) Flavouring Substances], Edible Vegetable (Refined Palm Kernel) Oil, Milk Solids, Cocoa Solids, Iodised Salt, Leavening Agents (INS 500(ii), Emulsifier (INS 322(ii)), Nature Identical Flavouring Substances (VANILLA CAKE)",100,468.3,72.2,8.3
250,Sunfeast Dark Fantasy Choco Rolls,SUNFEAST,WAFFLE,CHOCO ROLLS,"Crème Filling, Sugar, Refined Palm Oil, Milk Solids, Cocoa Solids, Hazelnut Paste, Emulsifier, Nature Identical Flavouring Substances, Maida, Starch, Refined Palm Kernel Oil, Iodized Salt, Artificial Flavouring Substances",100,479,73,7.1
251,Dukes Waffy Chocolate Wafers,DUKES,WAFER,WAFER,"Artificial Flavouring Substances (Chocolate, VANILLA CAKE), Colour (INS150D), Emulsifier (INS322(I)), Flour Treatment Agents (INS1100, INS1101, INS223), Hydrogenated Oils, Maltodextrin, Raising Agent (INS500(II)), Refined Palm Oil, Refined Wheat Flour (Maida), Sugar, Iodised Salt, Cocoa Solids (1.5%)",100,511.4,69.1,4
252,The Belgian Waffle Co Classic Choco Crisps,THE BELGAINWAFFLE CO,WAFFLE,WAFFLE,"Refined Wheat Flour (Maida), Dark Choco Compound 24%(Sugar, Edible Vegetable Fat(Hydrogenated Oils), Cocoa Solids and Emulsifiers (INS492, INS322(i)), Sugar, Edible Vegetable Oil(Palm kernel oil), Milk Solids, Iodised Salt, Emulsifier (INS 322(ii)), Leavening Agents (Baking Powder), and Nature Identical Flavouring Substances (VANILLA CAKE)",100,474.3,69.3,7.2
253,Dr. Oetker Kuppies Chocolate Waffle,DR OETKERS FUNFOODS,WAFFLE,WAFFLE,"Sugar, Whole Eggs, Refined Soyabean Oil, Refined Wheat Flour (Maida), Water, Humectants (Sorbitol, Glycerol), Cocoa Solids (3.9%), Soya Flour, lodised Salt, Emulsifiers (Mono-and Diglycerides of Fatty Acids. Lecithin), Acidity Regulators (Sodium Acetate, Acetic Acid). Preservatives (Sodium Propionate, Potassium Sorbate). Raising Agent (Ammonium Bicarbonate), Nature-Identical Flavouring Substances. CONTAINS ECC, WHEAT AND SOY.",100,505,49.9,7.9
254,Nova Nova Waffle Chips- Classic Chocolate Drizzle,NOVA NOVA,WAFFLE,WAFFLE,"Refined Wheat Flour, Milk, Chocolate (Sugar, Hydrogenated Palm Kernel Oil, Cocoa Solids, Emulsifier (E322), Salt), Sugar, Butter, and Raising Agent (E500 ii). Contains Natural and Nature Identical Flavouring Substances (VANILLA CAKE)",100,326.94,56.57,4.9
255,Dukes Waffy Strawberry Roll,DUKES,WAFER,WAFFLE,"Acidity Regulator (INS 296), Colour (INS 124), Dextrose, Emulsifier (INS 322 (I)), Hydrogenated Oils, Iodised Salt, Milk Solids, Refined Palm Kernel Oil, Refined Wheat Flour (Maida), Starch, Strawberry Fruit Powder (0.06%), Nature Identical Flavouring Substance (Strawberry), Sugar",100,450.8,78.5,5.2
256,Dr. Oetker Kuppies Strawberry Waffle,DR OETKERS FUNFOODS,WAFFLE,WAFFLE,"Refined Soyabean Oil, Whole Eggs, Sugar, Refined Wheat Flour (Maida), Water, Humectants (Sorbitol, Glycerol), Soya Flour, Strawberry Powder (1.5%), Nature-Identical Flavouring Substances, lodised Salt, Emulsifiers (Mono-and Diglycerides of Fatty Acids, Lecithin), Acidity Regulators (Sodium Acetate, Acetic Acid), Preservatives (Sodium Propionate, Potassium Sorbate), Raising Agent (Ammonium Bicarbonate).",100,469,42.4,6.1
257,Nova Nova Best Bite Choco Filled Cones- Belgian Chocolate,NOVA NOVA ,WAFER,WAFER,"Belgian Chocolate Sauce (25%: Sugar, Edible Vegetable Oil (Palm Oil, Palmolein), Milk Solids, Cocoa Solids, Emulsifier (E322), Edible Vegetable Fat (Hydrogenated)), All-purpose Flour, Milk, Milk Chocolate Compound (17%), Sugar, Salted Butter, VANILLA CAKE Essence, Raising Agent (E500 (ii))",100,370,53,7
258,Mille Jowar Puffs,MILLE,SNACKS,PUFFSS,"Supergrain Blend (Jowar, Foxtail Millet, Corn, Rice), Rice Bran Oil, Seasoning (Vegetable and Spices, Milk Solids, Natural and Nature Identical Flavours, Acidity Regulators, Potassium Chloride, Rosemary Extract)",100,439.2,61.3,6.7
259,Modern Kitchens Banana Chips Salted,MODERN KITCHENS,SNACKS,BANANACHIPS,"Banana, Refined Vegetable Oil, Iodized Salt, Rock Salt, Turmeric",100,567,57.7,3.24
260,Let's Try Potato Wafers,LET'S TRY,SNACKS,WAFER,"Potato, Groundnut Oil, Rock Salt (Sendha Namak)",100,583,60,7
261,Lay's American Cream & Onion Potato Chips,LAY'S,SNACKS,POTATOCHIPS,"Potato, Edible Vegetable Oil (Palmolein, Rice Bran Oil), Seasoning (Sugar, Iodised Salt, Milk Solids, Spices and Condiments, Maltodextrin, Flavour (Natural and Nature Identical Flavouring Substances), Cheese Powder, Hydrolysed Vegetable Protein, Flavour Enhancers (627, 631), Edible Vegetable Oil (Palm, Coconut), Anticaking Agent (551))",100,537,53,6.7
262,Kurkure Yummy PuffCorn Yummy Cheese Chips,KURKURE,SNACKS,CORNCHIPS,"Corn Grit, Rice Grit, Rice Bran Oil/ Cottonseed Oil, & Cheese Powder, Maltodextrin, Salt, Sugar, Flavour Enhancer (Monosodium Glutamate, Disodium Guanylate, Disodium Inosinate), Soya Sauce Powder, Artificial Sweetner Aspartame E951), Paprika Extract, Turmeric Extract, Calcium Carbonate",100,536,66.5,6.4
263,Bingo! Original Style Chilli Sprinkled,BINGO,SNACKS,POTATOCHIPS,"Potato (60.0%), Refined Palmolein, Seasoning (iodized Salt, Red Chilli Powder (1.1%), Maltodextrin, Spices and Condiments, Onion Powder, Refined Wheat Flour (maida), Nature Identical Flavouring Substances, Black Salt, Milk Solids, Natural Flavours and Natural Flavouring Substances, Sugar, Tomato Powder, Hydrolyzed Vegetable Protein, Garlic Powder and Flavour Enhancer (ins 508)) and Iodized Salt. 'used as Flavouring Agents.",100,531,50.5,7.1
264,Lay's West Indies Hot 'n' Sweet Chilli Potato Chips,LAY'S,SNACKS,POTATOCHIPS,"Potato, Edible Vegetable Oil (Palmolein, Rice Bran Oil), Seasoning (Sugar, Maltodextrin, Iodised Salt, Flavour (Natural and Nature Identical Flavouring Substances), Spices & Condiments, Flavour Enhancers (627 & 631), Edible Vegetable Oil (Palm, Sunflower, Peanut), Hydrolysed Vegetable Protein, Anticaking agent (551), Cocoa Solids, Lactose)",100,534,55.1,6.4
265,Lay's India's Magic Masala Potato Chips,LAY'S,SNACKS,POTATOCHIPS,"Potato, Edible Vegetable Oil (Palmolein, Rice Bran Oil), Seasoning (Spices and Condiments, Iodised Salt, Maltodextrin, Black Salt, Sugar, Tomato Powder, Acidity Regulators (330, 296, 334), Flavour (Natural and Nature Identical Flavouring Substances), Anticaking Agent (551), Color (160C))",100,539,53.4,6.9
266,Beyond Snack Kerala Banana chips - Peri Peri,BEYOND SNACK,SNACKS,BANANACHIPS,"Yellow Banana (60%), Refined Palmolein Oil, Lodised Salt",100,518.65,60.97,6.84
267,Crax Double Mazza Roasted Chana Peanuts Namkeen Snacks,CRAX,SNACKS,NAMKEEN,"Peanuts (52%), Chick Pea (34%), Edible Vegetable Oils (Refined Palmolein Oil and Refined Cotton Seed Oil), Seasoning [lodized Salt, Tomato Powder, Onion Powder, Dry Mango Powder, Black Salt, Ginger, Coriander, Chilli, Turmeric, Acidity Regulators (INS 296, INS 330), Refined Wheat Flour (Maida), Hydrolysed Vegetable Protein, Flavour Enhancers (INS 627, INS 631), Anticaking Agents (INS 551, INS 341(iii)), Spice Extracts], Flavour(s) (Natural & Nature Identical Flavouring Substances)",100,567,32,22
268,Kurkure Red Chilli Chataka Chips,KURKURE,SNACKS,CHIPS,"Cereal products (57%) (rice meal (38%), corn meal (19%)), edible vegetable oil (palmolein), seasoning (spices and condiments, sugar, iodised salt, acidity regulators (330, 296), flavour (natural and nature identical flavouring substances), flavour enhancers (627, 631), edible vegetable oil (corn oil), colour (160c), emulsifier (414)), gram meal (6%)",100,558,56.2,5.6
269,Bingo! Popped Chips Sour Cream & Herbs,BINGO,SNACKS,CHIPS,"Potato Flakes, Potato Starch, Rice Flour, Tapioca Starch, Iodized Salt, Refined Rice Bran Oil, Sugar, Maltodextrin, Milk Solids, Dehydrated Onion, Fat Powder, Dehydrated Parsley, Nature Identical Flavouring Substances, Hydrolyzed Vegetable Protein, Cheese Powder, Natural Flavours, Acidity Regulators, Flavour Enhancer, Black Pepper Powder, Yellow Pea Grits, Green Pea Grits",100,491,67.4,6.9
270,"Cheetos Masala PUFFS, Crispy Chips & Snacks",CHEETOS,SNACKS,CHIPS,"Corn meal, Rice meal, Edible Vegetable Oil (Palmolein), Gram meal, Seasoning (Spices and Condiments, Iodised Salt, Black salt, Flavour, Maltodextrin, Tomato powder, Sugar, Acidity Regulator), Wheat fibre",100,504,65.7,8.2
271,Too Yumm! Sour Cream & Onion Veggie Stix,TOO YUMM,SNACKS,MUNCHIES,"Corn Flour (45%), Rice Flour (29%), Edible Vegetable Oil (Rice Bran Oil), Seasoning (Sugar, Maltodextrin, lodised Salt, Milk Solids, Spices and Condiments (Contains Onion), Shortening Powder [Stabilizers (NS 339(i), INS 340(i), INS 407), Emulsifier (INS 471), Anticaking Agent (INS 551), Acidity Regulator (INS 331i)], Natural and Nature-ldentical Flavouring Substances, Acidity Regulators (INS 296, INS 330), Flavour Enhancer (INS 635), Herb, Anticaking Agent (INS 551), Yeast Extract), Refined Wheat Flour (Maida) (2.4%), Sugar, Potato Powder(1.5%), Spinach Powder (0.8%), Anticaking Agent (INS 170), lodised Salt, Yeast Extract, Colour (INS 141(0), Used as natural flavouring agent",100,478,66,5.8
272,Lay's Classic Salted Potato Chips,LAY'S,SNACKS,POTATOCHIPS,"Potato, Edible Vegetable Oil (Palmolein Oil, Rice Bran Oil), Iodised Salt (1%)",100,553,52.6,6.7
273,Lay's Spanish Tomato Tango Potato Chips,LAY'S,SNACKS,POTATOCHIPS,"Potato, edible vegetable oil (palmolein, rice bran oil), seasoning (sugar, flavour, iodized salt, maltodextrin, spices and condiments, hydrolysed vegetable protein, tomato powder, dextrose, wheat fibre, anticaking agent (551), salt substitute (potassium chloride), edible vegetable oil (coconut), flavour enhancers (627, 631))",100,530,53.8,6.4
274,Let's Try Pepper Murukku Sticks,LET'S TRY,SNACKS,MURUKKU   STICKS,"Rice Flour, Edible Vegetable Oil (Groundnut Oil), Roasted Bengal Gram Flour, Pepper, Iodized Salt, Asafoetida Powder",100,578,60.08,10.2
275,Lay's Potato Chips - Sizzling Hot Spicy Flavour,LAY'S,SNACKS,POTATOCHIPS,"Potato, Edible Vegetable Oil (Palmolein and Rice Bran Oil), Seasoning (Maltodextrin, Spices and Condiments, Sugar, Iodised Salt, Acidity Regulator (INS 330), Dehydrated Vegetable (Beetroot Powder), Natural Flavouring Substance, Butter Milk Powder, Anticaking Agent (INS 551), Flavour Enhancers (INS 627 and INS 631))",100,538,53,6.6
276,Uncle Chips Spicy Treat,UNCLE CHIPS,SNACKS,POTATOCHIPS,"Potato, Edible Vegetable Oil (Palmolein Oil), Milk Solids, Spices and Condiments (Tamarind Powder, Onion Powder, Cumin Powder, Black Pepper Powder, Garlic Powder, Turmeric Powder, Large Cardamom Powder, Ginger Powder), Iodised Salt, Black Salt, Sugar, Citric Acid (330)",100,554,52.7,7
277,Too Yumm! Bhoot Karare Spicy Chilli Flavour Crisps ,TOO YUMM,SNACKS,CHIPS,"Rice Grits, Corn Grits, Edible Vegetable Oil (Rice Bran Oil), Spices and condiments, Sugar, Iodised salt, Maltodextrin, Anticaking agent (INS 551, INS 470(i)), Acidity regulator (INS 330), Flavour enhancer (INS 627, INS 631), Emulsifier (INS 433, INS 471), Natural and Nature identical flavouring substances",100,480,68,5.4
278,Yellow Diamond Plain Salted Chips,YELLOW DIAMOND,SNACKS,POTATOCHIPS,"Potato, Edible Vegetable Oil (Palmolein Oil), *Seasoning (Sugar, Lodised Salt, Spices & Condiments, Flavour (Nature Identical Flavouring Substances), Acidity Regulators (330, 334), Anticaking Agent (551), Edible Vegetable Oil (Sunflower Oil), Flavour Enhancer (635))",100,543.78,54.53,8.02
279,Lay's American Cream & Onion Potato Chips,LAY'S,SNACKS,POTATOCHIPS,"Potato, Edible Vegetable Oil (Palmolein, Rice Bran Oil), Seasoning (Sugar, Iodised Salt, Milk Solids, Spices and Condiments, Maltodextrin, Flavour, Cheese Powder, Hydrolysed Vegetable Protein, Flavour Enhancers (627, 631), Edible Vegetable Oil (Palm, Coconut), Anticaking Agent (551))",100,537,53,6.7
280,Crax Fritts Sour Cream and Onion Corn & Potato Stick Snacks,CRAX,SNACKS,POTATO STICKS,"Corn Grits (59%), Edible Vegetable Oil (Refined Palmolein Oil), Potato Solids (6.5%), *Seasoning [Sugar, Iodised Salt, Onion Powder (1.05%), Rice Flour, Milk Solids (0.81%), Maltodextrin, Cheese Powder (0.22%), Anticaking Agent (INS 551), Parsley, Refined Palm Oil, Acidity Regulators (INS 330, INS 339), Flavour Enhancers (INS 627, INS 631)], Emulsifier (INS 471), Flavour(s) (Natural & Nature Identical Flavouring Substances)",100,491,66.5,5.5
281,Lay's WAFERChips Red Chilli,LAY'S,SNACKS,POTATOCHIPS,"Potato, Edible Vegetable Oil (Palmolein, Sunflower Oil), Seasoning (Spices and Condiments, Maltodextrin, Iodised Salt, Flavours, Refined Wheat Flour, Black Salt, Hydrolysed Vegetable Protein, Tomato Powder, Acidity Regulators, Yeast Extract, Salt Substitute, Edible Starch, Flavour Enhancers)",100,543,53.6,6.9
282,Let's Try Peanut Party Mix,LET'S TRY,SNACKS,NAMKEEN,"Chana Dal, Peas, Potato flakes, Peanuts & Groundnut Oil. Spices & Condiments (Black Salt, Red Chilli Powder, Lodised Salt, Clove, Coriander, Black Pepper, Asafoetida, Cardamom, Dry Ginger Powder, Dry Mango, Cinnamon Nutmeg, Cumin), Acidity Regulator - (E311, E330).",100,325,40.5,20.36
283,Bingo! Popped Chips Indian Spice Mix,BINGO,SNACKS,POTATOCHIPS,"Dried Potato (44%), Edible Vegetable Oil (Palm Oil), Corn Flour, Starch, Emulsifier (INS 471), Maltodextrin, Salt, Acidity Regulator (INS 330)",100,486,66.9,6.9
284,Haldiram's Halke Fulke - Salted Potato Chips,HALDIRAMS,SNACKS,POTATOCHIPS,"Fresh Potatoes, Vegetable Oils (Sunflower Oil, Palmolein Oil), Salt, Sugar, Mixed Spices (Chilli Powder, Dry Mango Powder, Garlic Powder, Lemon Powder, Onion Powder), Maltodextrin, Milk Powder, Acidity Regulators (E330, E296), Yeast Exctract, Flavour Enhancers (E627, E631), Anticaking Agent (E551)",100,518.27,61,6.8
285,Bingo! Mad Angles Achaari Masti Crisps,BINGO,SNACKS,CHIPS,"Cereals and Pulses Mix Rice Grits, Degermed Corn Grits, Bengal Gram Grits and Pea Grits, Edible Vegetable Oil and Seasoning Sugar, Spices and Condiments, Iodized Salt, Nature Identical Flavouring Substances, Acidity Regulators (Citric Acid, Malic Acid, Tartaric Acid), Hydrolyzed Vegetable Protein, Natural Flavours and Natural Flavouring Substances and Flavour Enhancers (508,635)",100,526,61.2,5.6
286,Bingo! Mad Angles Masala Madness Crisps,BINGO,SNACKS,CHIPS,"Cereals and Pulses Mix Rice Grits, Degermed Corn Grits, Bengal Gram Grits and Pea Grits), Edible Vegetable Oil, Sugar, Spices and Condiments, Iodized Salt, Milk Solids, Hydrolyzed Vegetable Protein, Tamarind Powder, Garlic Powder, Onion Powder, Yeast Extract, Acidity Regulators (Malic Acid, Citric Acid), Nature Identical Flavouring Substances, Natural Flavours and Natural Flavouring Substances, Flavour Enhancers (508, 635) and Maltodextrin",100,521,61,6.3
287,Sweet Karam Coffee Andhra Spicy Murukku Namkeen Snacks,SWEET KARAM COFFEE,SNACKS,NAMKEEN,"Rice Flour, Edible Vegetable Oil (Rice Bran), Gram Flour, Red Chilli Powder, Edible Common Salt, Garlic, Sesame, Cumin, and Asafoetida",100,521,58.9,7.1
288,Let's Try Garlic Bhujia,LET'S TRY,SNACKS,NAMKEEN,"Gram flour, Groundnut oil, Garlic paste, Starch, Iodised salt, Red chili powder",100,564,50,10
289,Lets Try Lite Mixture,LET'S TRY,SNACKS,MIXTURE,"Flaked Rice, Corn Flakes, Chickpeas, Peanut, Gram Flour, Refined Groundnut Oil, Iodised Salt, Spices , Condiments (Black Salt Powder, Dry Mango Powder, Cumin Seed Powder, Carrom Seeds, Cinnamon, Dry Ginger Powder, Nutmeg, Cardamom Powder, Casia Powder, Clove Powder, Asafoetida), and Acidity Regulator (INS-330)",100,468,65.2,10
290,Orion K Snack Rings Kimchi Flavour,ORION,SNACKS,CRISPS,"Wheat flour, Refined palmolein and palm oil, Sugar, Iodised salt, Cheese (1.8%), Yeast, Raising agents [503 (ii), 500(ii), 341(I)], Invert sugar syrup, Spices & condiments (mustard powder), Acidity regulators [270, 296], Emulsifier of vegetable origin [diacetyltartaric and fatty acid esters of glycerol (472e)] And improver [papain-1101 (ii) & amylases-1100(I)] Contains added flavours (natural flavouring substances - capsicum, Black pepper and artificial flavouring substances - cheese)",100,507.6,56,7.99
291,Jabsons Roasted Peanuts Classic Salted,JABSONS,SNACKS,ROASTED PEANUTS,"Peanuts (95%), Refined Cottonseed Oil, Iodized Salt (1%), Black salt (0.3%)",100,630,21,20
292,Orion K Snack Rings 3x Spicy,ORION,SNACKS,CRISPS,"Refined wheat flour (maida) (45%), edible vegetable oil (palmolein oil), starch (potato) (9%), maize (4%), seasoning (sugar, edible common salt, spices and condiments (chilli, turmeric), hydrolyzed soy protein, dehydrated vegetable powder (onion powder, garlic powder), natural and nature identical flavouring substances, acidity regulators (INS 330, INS 296), edible vegetable oil (sesame), anticaking agent (INS 551), fructose, colouring agent (160c), flavour enhancers (INS 627 and INS 631), edible vegetable oil (palm), edible common salt, raising agent (INS 500 (ii))",100,511.24,59,6.71
293,BRB Potato Popped Chips - Pasta Cheese Flavour,BRB,SNACKS,POPPEDCHIPS,"Dehydrated Potato, Potato Starch, Rice Bran Oil, Spices and Condiments",25,111,17.4,1.7
294,BRB Potato Popped Chips - Spicy Chipotle Flavour,BRB,SNACKS,POPPEDCHIPS,"Dehydrated Potato, Potato Starch, Rice Bran Oil, Spices and Condiments (Sugar, Salt, Garlic Powder, Onion Powder, Chilli, Chipotle, Anticaking Agent (E551), Flavour Enhancers (E627, E631))",25,108.3,17.8,2.2
295,Brb Rice Popped Chips Peri Peri Flavour,BRB,SNACKS,POPPEDCHIPS,"Rice, Rice Bran Oil, Pulses, Green Peas, Seasoning, and Condiments",25,109.7,17.1,2.5
296,BRB Potato Popped Chips - Bhel Flavour,BRB,SNACKS,POPPEDCHIPS,"Dehydrated Potato, Potato Starch, Rice Bran Oil, Spices and Condiments, Salt, Onion Powder, Chilli, Sugar, Mango Juice Powder, Cumin, Tamarind, Garlic Powder, Tomato Solids, Parsley, Anticaking Agent (E551), Flavour Enhancers (E627, E631)",25,109,17.9,2.1
297,The Theatre Project TTP Kettle Cooked - Hot & Sweet Chilli,THE THEATRE PROJECT,SNACKS,POTATOCHIPS,"Potato, Edible Vegetable Oil (Rice Bran Oil), Sugar, Iodised Salt, Spices and Condiments (Chilli, Black Pepper), Dehydrated Vegetable Powder (Garlic, Onion, Tomato), Soya Sauce Powder, Hydrolysed Vegetable Protein (Soya), Yeast Extract Powder, Cocoa Powder, Acidity Regulator (INS 262(I), INS 330, INS 296), Flavour Enhancer (INS 627, INS 631), Flavour (Natural and Nature Identical Flavouring Substances), Anticaking Agent (INS 551), and Antioxidant (INS 319)",100,530,61.2,7.58
298,Let's Try Bhujia,LET'S TRY,SNACKS,NAMKEEN,"Pure Groundnut Oil, Moth Flour, Gram Flour, White Edible Salt, Longi Mirch",100,580,41,14
299,Wellbe Crunchy Kodbale,WELLBE,SNACKS,KODBALE,"Rice Flour, Rice Bran Oil, Sooji Rawa, Fried Gram Flour, Roasted Urad Dal, Red Rice Flour, Desiccated Coconut, Red Chilli Powder, Flax Seeds, Rock Salt, and Hing",100,557,52.6,7.3
300,UNIBIC Kerala Banana Chips Classic Salted,UNIBIC,SNACKS,BANANACHIPS,"Raw banana (70%), Edible Vegetable Oil (Rice Bran Oil), Stabilized Salt (2%), Iodised Salt, Anticaking Agent (INS 551)",100,468,64.5,3.4
301,The Baker's Dozen Zero Maida Ragi Crackers Baked Millet Snack,THE BAKER'S DOZEN,SNACKS,RAGI CRISPIES,"Amaranth Flour, Jowar Flour, Rice Flour, Potato Powder, Vitamin E, Salt, Sunflower Oil, Spices and condiments. INS 551, INS330, INS 341, INS 170(I).",100,292.74,54.84,10.29
302,Too Yumm! Dahi Papdi Chaat Multigrain Healthy Chips High Protein Crunchy Crisps,TOO YUMM,SNACKS,CHIPS,"Corn Flour (31.2%), Whole Wheat Flour (Atta) (21.6%), Edible Vegetable Oil (Rice Bran Oil), Rice Flour (17.8%), Seasoning (Sugar, Iodised Salt, Spices & Condiments, Black Salt, Milk Solids, Acidity Regulators (INS 330, INS 334), Corn Starch, Anticaking Agent (INS 551), Stabilizer (INS 414), Flavour Enhancers (INS 627, INS 631), Colour (INS 160c), Natural and Nature Identical Flavouring Substances), Gram Flour (4.8%), Oats (1%), Anticaking Agent (INS 170), Colour (INS 150d)",100,464,67,7.9
303,Lay's India's Magic Masala Potato Chips,LAY'S,SNACKS,POTATOCHIPS,"Potato, Edible Vegetable Oil (Palmolein, Sunflower Oil), Seasoning (Spices and Condiments, Iodised Salt, Maltodextrin, Black Salt, Sugar, Tomato Powder, Acidity Regulators (330, 296, 334), Flavour (Natural and Nature Identical Flavouring Substances), Anticaking Agent (551), and Colour (160C))",100,539,53.4,6.9
304,Bingo! Potato Chips - Cream & Onion Chips - Crispy & Crunchy Chips Pack for Snacks,BINGO,SNACKS,POTATOCHIPS,"Potato, Refined Palmolein, Seasoning Mix, Iodised Salt, Dried Parsley Leaves, Soy Sauce Powder, Cheese Powder, Acidity Regulator, Anticaking Agent, and Flavour Enhancers",100,543,54.5,8.4
305,Uncle Chips Plain Salted,UNCLE CHIPS,SNACKS,POTATOCHIPS,"Potato, Edible Vegetable Oil (Palmolein), Sunflower Oil, Iodised Salt (1.5%)",100,566,50.2,7
306,Too Yumm! Bhoot Potato Chips Spicy Chilli Flavour Chips,TOO YUMM,SNACKS,POTATOCHIPS,"Acidity Regulator (INS 330), Anticaking Agent (INS 470 and INS 551), Chilli, Edible Vegetable Oil (Rice Bran Oil), Emulsifying and Stabilising Agent (INS 471), Flavour Enhancers (INS 627 and INS 631), Iodised Salt, Maltodextrin, Natural and Nature Identical Flavouring Substances, Potato (57%), Seasoning (Sugar, Spices and Condiments), and Starch",100,536,55,6.9
307,Dev Snacks Banana Chips,DEV SNACKS,SNACKS,BANANACHIPS,"Banana, Turmeric Powder, Coconut Oil & Salt",100,546.58,62.92,1.7
308,Let's Try Sabudana Mixture,LET'S TRY,SNACKS,MIXTURE,"Sabudana (sago), Red peanut, Groundnut oil, Sugar, Potato flakes, Coconut, Raisins, Sendha namak (rock salt), Mango powder, Garam masala",100,520.91,64.04,5.99
309,Balaji Simply Salted Chips,BALAJI,SNACKS,POTATOCHIPS,"Edible Common Salt (0.4%), Edible Vegetable Oil (Palmolein), Potato (89%)",100,554,53.4,7.7
310,Ritebite Max Protein Desi Masala 10G Multigrain Protein Chips,MAX PROTEIN,SNACKS,CHIPS,"Millets & Pulses Blend Flour (57%) (Jowar / Sorghum, Chickpeas, Quinoa, Whole Grain Oats, Ragi, Soy, Urad), Rice Bran Oil, Soy Protein Concentrate, Dietary Fiber, Sugar, Ajwain Powder, Black Pepper, Rock Salt, Fenugreek Powder, Chilli Powder, Coriander Powder, Dry Mango Powder, Ginger Powder, Black Pepper Powder, Cumin Powder, Turmeric Powder, Clove Powder, Cinnamon Powder, Acidity Regulator (E330), Anti-caking Agent (E551)",60,286,29.9,10
311,Sweet Karam Coffee Andhra Spicy Murukku Namkeen Snacks,SWEET KARAM COFFEE,SNACKS,NAMKEEN,"Rice Flour, Edible Vegetable Oil (Rice Bran), Gram Flour, Red Chilli Powder, Edible Common Salt, Garlic, Sesame, Cumin, and Asafoetida",100,521,58.9,7.1
312,Kurkure Schezwan Chutney,KURKURE,SNACKS,CRISPS,"Cereal Products (66.2%) (Rice Meal (43.4%), Corn Meal (22.8%)), Edible Vegetable Oil (Palmolein), Seasoning (Sugar, Spices and Condiments, Iodised Salt, Edible Vegetable Oil (Canola, Palm and Sunflower), Acidity Regulator (296, 330), Edible Starch, Salt Substitute (Potassium Chloride), Maltodextrin, Natural and Nature Identical Flavouring Substances, Flavour Enhancers (627, 631), Colour (150d)), Gram Meal (0.5%)",100,557,57.8,5.5
313,Pringles Potato Chips Original Flavour,PRINGLES,SNACKS,CHIPS,"Corn Flour, Dried Potato, Edible Vegetable Oil (Palm Oil), Maltodextrin, Salt, Wheat Starch",100,523,62.8,5
314,"Slurrp Farm Healthy Snacks for Kids, Mighty Puff Cheese & Herbs, Not Fried, No Maida",SLURRP FARM,SNACKS,PUFFSS,"Millets (Whole Grain Jowar, Whole Grain Ragi), Rice Flour, Sunflower Oil, Milk Powder, and Seasoning",100,420,63.6,6.4
315,Crax Aloo Bhujia Namkeen Snacks,CRAX,SNACKS,NAMKEEN,"Edible Vegetable Oils (Refined Palmolein Oil and Refined Cotton Seed Oil), Gram Flour, Potato Solids (12%), Rice Flour, Corn Flour, Seasoning (Iodized Salt, Maltodextrin, Chilli, Black Salt, Dry Mango Powder, Coriander, Sugar, Onion Powder, Garlic Powder, Clove Powder, Black Pepper, Spice Extract, Anticaking Agent (INS 551), Acidity Regulator (INS 330), Yeast Extract), and Flavour(S) (Natural and Nature Identical Flavouring Substances)",100,593,39.7,9.5
316,"Ritebite Max Protein Cheese & Jalapeno 10G Multigrain Protein Chips, Healthy Snacks & Munchies",MAX PROTEIN,SNACKS,CHIPS,"Millets & Pulses Blend Flour (Jowar/Sorghum, Chickpeas, Quinoa, Whole Grain Oats, Ragi, Soy, Urad), Rice Bran Oil, Soy Protein Concentrate, Dietary Fiber, Sugar, Ajwain Powder, Black Pepper, Rock Salt, Fenugreek Powder, Milk Solids, Spices & Condiments (Onion, Garlic, Jalapeno, Ginger, Chili, Parsley), Edible Starch, Cheese Powder, Vinegar Powder, Soya Sauce Powder, Acidity Regulator (E296, E330)",60,289,29.4,10
317,Modern Kitchens Potato Chips Salted,MODERN KITCHENS,SNACKS,POTATOCHIPS,"Potato, Refined Vegetable Oil,salt",100,567,50.24,7.6
318,Mr Makhana Super Snack - Pudina Party,MR MAHKANA,SNACKS,MAKHNA,"Makhana (Popped Lotus Seeds) 70%, Olive Oil 18%, Spices and Condiments 10% (Dried Ginger, Dried Mango, Dried Garlic, Green Chilli, Coriander Leaves, Cumin, Cardamom, Turmeric, Fennel, Black Pepper, Clove, Nutmeg, Mace, Carom Seeds), Salt, Sugar, Lemon Powder, Mint Leaves, Maltodextrin, Acidity Regulator (Citric acid E330), Flavour Enhancer (Disodium 5'-ribonucleotides E635)",100,514.6,58.28,"7,65"
319,Farmley Achaari Makhana Roasted In Olive Oil,FARMLEY,SNACKS,MAKHNA,"Foxnut (Makhana), Olive Oil, & Condiments (Sugar, Edible Common, Garlic Flakes, Onion Flakes, Oregano, Red Chilli, Hydrolysed Vegetable (Peanut), Cheese Concentrate), (Citric Acid), Colour (Paprika), Flavour Enhancer (INS 635).",100,467,65.2,7.8
320,Farmley Cheesy Cheddar Makhana Roasted In Olive Oil,FARMLEY,SNACKS,MAKHNA,"Foxnut (Makhana), Olive Oil, Spices and Condiments (Iodised Salt, Milk Solids, Sugar, Yeast Extract), Acidity Regulator (Citric Acid), Colour (Paprika Extract), Anticaking Agent (INS 551), and Flavour Enhancer (INS 635)",100,490,65,7.8
321,Farmley Cream And Onion Makhana Roasted In Olive Oil,FARMLEY,SNACKS,MAKHNA,"Foxnut (Makhana), Olive Oil, Spices and Condiments (Onion Powder, Parsley Leaf), Milk Powder, Sugar, Iodised Salt, Corn Starch, Acidity Regulator (Citric Acid), Anti Caking Agent (Ins 551), Flavour Enhancer (Ins 627, Ins 631)",100,470,62,7.8
322,Farmley Himalayan Salted Makhana Roasted In Olive Oil,FARMLEY,SNACKS,MAKHNA,"Energy (kcal) 532.1, Protein (g) 6.9, Carbohydrate (g) 54.2, Total Sugar (g) 1.8, Dietary Fiber (g) 11.6, Total Fat (g) 20.0, Saturated Fat (g) 11.1, Trans Fat (g) 0.0, Cholesterol (mg) 0.0, Sodium (mg) 210.0",100,510,68,7.8
323,MOM Black Salt Roasted Makhana,MOM,SNACKS,MAKHNA,"Acidity Regulator (INS 330), Anticaking Agent (INS 551), Black Salt, Chilli, Edible Vegetable Oil (Sunflower), Flavour Enhancers (INS 627 and INS 631), Garlic Powder, Ginger, Hydrolysed Vegetable Protein, Iosied Salt, Lemon Powder, Makhana (Fox-nuts), Onion Powder, Seasoning (Sugar, Tomato Powder, and Yeast Extract), Spice and Condiments, Tomato Powder",100,440,77,7
324,Let's Try Sour Cream And Onion Makhana Puffs,LET'S TRY,SNACKS,MAKHNA,"Foxnut Flour (40%), Rice Grits, Corn Grits, Edible Vegetable Oil (Rice Bran Oil/Cottonseed Oil), Seasoning (Sugar, Iodised Salt, Milk Solids, Spices , Condiments, Maltodextrin, Flavour (Natural, Nature Identical Flavouring Substances), Cheese Powder, Hydrolysed Vegetable Protein, Flavour Enhancers (627, 631), Edible Vegetable Oil, and Anticaking Agent (551))",100,257,38,5
325,MR. MAKHANA Fox Nuts Black Salt,MR MAHKANA,SNACKS,MAKHNA,"Makhana (Popped Lotus Seeds) 70%, Olive Oil 10%, Maltodextrin, Black Salt, Acidity Regulators (E330 and E334), Anti-Caking Agents (E551 and E341)",100,357.6,39.9,7.1
326,Too Yumm! Karare Chilli Achari Flavour,TOO YUMM,SNACKS,CRISPS,"Rice Grits, Corn Grits, Edible Vegetable Oil (Rice Bran Oil), Seasoning Sugar, lodised Salt, Maltodextrin, Spices and Condiments (Contains Chilli and Garic), Natural and Nature ldentical Flavouring Substances, Milk Solids, Hydrolysed Vegetable Protein, Geling Agent (INS 508), Anticaking Agent (INS 551), Flavour Enhancers (INS 627, INS 631), Stabilizer (INS 414)",100,486,67,7
327,Too Yumm! Noodles Masala | Spicy No Palm Oil Crisps,TOO YUMM,SNACKS,CRISPS,"Rice Grits, Corn Grits, Edible Vegetable Oil (Rice Bran Oil) Seasoning [Maltodextrin, lodised Salt, Sugar, Spices and Conciments (contains Onion and Garlic), Hydrolyzed Vegetable Protein, Whey Powder, Acidity Regulator (INS 330, INS 296), Anticaking Agent (INS55), Flavour Enhancers (INS 627, INS 631), Natural and Nature ldentical Flavouring Substances",100,485,69,5.9
328,Too Yumm! Kashmiri Chilli Spicy Potato Chips| No Palm Oil Snacks,TOO YUMM,SNACKS,POTATOCHIPS,"Potato (56%), Edible Vegetable Oil (Rice Bran), Seasoning (Maltodextrin, Iodised Salt), Spices and Condiments (Onion Powder, Garlic Powder, Chilli Powder), Hydrolysed Vegetable Protein, Refined Wheat Flour (Maida), Starch, Black Salt, Yeast Extract, Acidity Regulators (INS 296, INS 330), Flavour Enhancers (INS 627, INS 631), Anticaking Agent (INS 551), Colour (INS 160c), Natural and Nature Identical Flavouring Substances",100,552,55,8
329,Too Yumm! Aloo Chaat Potato Stix | Munching Snack | On-the-Go Munchies,TOO YUMM,SNACKS,POTATO STICKS,"Corn Flour, Edible Vegetable Oil (Rice Bran Oil), Seasoning Sugar, lodised Salt, Spices and Condiments, Maltodextrin, Tamarind Powder, Acidity Regulators (INS 296, INS 330), Anticaking Agent (INS 551), Flavour Enhancers (INS 627, INS 631), Starch, Lemon Juice Powder, Antioxidant (INS 319), Asafoetida, Natural and Nature Identical Flavouring Substances,Dehydrated Potato Powder (5%), Anticaking agent (INS 170)",100,488,65,6.2
330,Too Yumm! Aloo Bhujia | No Palm Oil | 35% Less Saturated Fat,TOO YUMM,SNACKS,BHUJIA,"Potato (33%), Edible Vegetable Oil (Rice Bran), Gram Flour, Seasoning (Iodised Salt, Spices and Condiments, Contains Onion and Garlic), Maltodextrin, Sugar, Acidity Regulators (INS 330, INS 296), Anticaking Agent (INS 551), Flavour Enhancers (INS 627, INS 631), Natural and Nature Identical Flavouring Substances, Starch, Corn Flour, Rice Flour, Tepary Bean Flour, Red Chilli Powder, Iodised Salt",100,584,40,9.9
331,Too Yumm - Rings Tomato Twist,TOO YUMM,SNACKS,CRISPS,"Corn Flour (70%), Refined Palmolein Oil, Seasoning, Sugar, Iodised Salt, Spices and Condiments, ContaINS Onion and Garlic, Black Salt, Acidity Regulators INS 296, INS 330, Flavour Enhancers INS 627, INS 631, Tomato Powder, Tamarind Powder, Hydrolysed Vegetable Protein, Soya, Anticaking Agent INS 551, Colour INS 160C, Natural and Nature Identical Flavouring Substances, and Anticaking Agent INS 170",100,404,68,6
332,Too Yumm! Moong Dal | No Palm Oil | 35% Less Saturated Fat,TOO YUMM,SNACKS,NAMKEEN,"Split Green Gram (77%), Edible Vegetable Oil (Rice Bran), Iodised Salt",100,469,56,21.7
333,Too Yumm! Salted Peanuts | No Palm Oil | Protein Goodness,TOO YUMM,SNACKS,NAMKEEN,"Peanuts (97%), Iodised Salt (1.1%), Edible Vegetable Oil (Rice Bran)",100,637,18,27.1
334,Haldiram's Mixture,HALDIRAMS,SNACKS,MIXTURE,"Split Pulse Bengal Gram (Chana Dal) (25%), Refined Palmolein Oil, Bengal Gram Flour (Besan) (10%), Red Lentils (Masur Whole) (8%), Groundnut (Peanuts) (7%), Potato, Spices & Condiments (Red Chilli Powder, Black Pepper, Dried Ginger Powder, Clove Powder, Cumin Powder, Cardamom, Nutmeg, Bay Leaves, Sesame Seed, Turmeric Powder, Cinnamon & Asafoetida), Rice Flakes, Tapary Beans (Moth dal) Flour, Green Peas, Spinach, Refined Wheat Flour (Maida), Iodised Salt, Acidity Regulator & Antioxidant (E 330) and Black Salt",100,533,46.44,16.03
335,Haldirams Soya Sticks,HALDIRAMS,SNACKS,SOYA STICKS,"Tapioca Starch, Refined Palmolein Oil, Soya Flour (8%), Split Pulse Urd (Urd Dal) Flour, Refined Sugar, Lodised Salt, Hydrogenated Vegetable Oil (Vanaspati), Red Chilli Powder, Coriander Powder, Cumin Powder, Clove Powder, Dried Mango Powder, Black Pepper, Cardamom, Acidity Regulator (INS 330), Onion Powder, Garlic Powder, Black Salt, Asafoetida, Bay Leaf, Nutmeg. Cinnamon, Fennel Seed, Turmeric & Mustard Seed.",100,554,45,7.46
336,Haldiram's Panchratan Mixture,HALDIRAMS,SNACKS,MIXTURE,"Potato (35%), Refined Palmolein Oil, Almond, Refined Sugar, Raisins (7%), Cashew Nuts (7%), Curry Leaves, Sesame Seed, Rock Salt, Red Chilli Powder, Poppy Seed, Acidity Regulator (INS 330), Cumin Powder, Black Salt",100,526,52.61,6.61
337,Haldiram's Khatta Meetha,HALDIRAMS,SNACKS,NAMKEEN,"Gram Pulse Flour, Edible Vegetable Oil (Cotton Seed Corn , Palmolein Oil), Peanuts, Rice Flakes, Sago, Sugar Powder, Green Peas, Gram Pulse, Lentil, Rice Flour, Edible Starch, Iodised Salt, Black Salt Powder, Spices , Condiments (Mango Powder, Turmeric Powder, Cumin Powder, Bishops Weed, Ginger Powder, Black Pepper Powder), Acidity Regulator (INS 330), Leavening Agent (INS 500 Fif), Anticaking Agent (INS 551), and Synthetic Food Colour (INS 133)",100,528.9,57.8,11.2
338,Haldiram's Moong Dal,HALDIRAMS,SNACKS,NAMKEEN,Haldiram's Moong Dal,100,476,50.66,21.31
339,Haldiram's Cornflakes Mixture,HALDIRAMS,SNACKS,MIXTURE,"Cornflakes (derived from corn) (26%), Edible vegetable oil, Potatoes (8%), Gram pulse flour (8%), Cashew nuts (7%), Raisins (7%), Sugar powder (6%), Edible common salt powder, Spinach powder, Edible starch, Sesame seeds, Mango powder, Black pepper powder, Clove powder, Mace powder, Nutmeg powder, Turmeric powder, Cinnamon powder, Black salt powder, Cardamom powder, Ginger powder, Cumin powder, Fennel, Asafoetida powder, Acidity regulator (ins 330) and anticaking agent (ins 551). Contains permitted natural colour (ins 140).",100,525,56,10
340,Haldirams Nagpur Murrukku,HALDIRAMS,SNACKS,MURUKKU  ,"Rice Flour, Refined Palmolein Oil, Bengal Gram Flour (Besan)",100,526,52.69,7.83
341,Haldiram Farali Chiwda,HALDIRAMS,SNACKS,MIXTURE,"Potato, Groundnut (Peanuts), Refined Palmolein Oil, Refined Sugar, Rock Salt, Red Chilli, Black Pepper, Poppy Seed, Dried Ginger Powder, Clove Powder, Cumin, Nutmeg, Cardamom, Cinnamon",45,268,17.1,6.4
342,Haldiram's Masala Tasty Nuts,HALDIRAMS,SNACKS,NAMKEEN,"Groundnut (Peanuts), Refined Palmolein Oil, Bengal Gram Flour (Besan), Maize Starch, Lodised Salt, Red Chilli, Acidity Regulator (INS 330), Turmeric, Black Salt, Black Pepper, Dried Ginger Powder, Cardamom, Cumin, Cinnamon, Clove, Bay Leaves, Nutmeg, and Asafoetida",100,586,32.25,19.3
343,Bingo! Tedhe Medhe,BINGO,SNACKS,CRISPS,"Rice grits, refined palmolein, seasoning (refined palmolein, spices and condiments, onion powder, iodized salt, maltodextrin, black salt, flavour enhancer (INS 508), nature identical flavouring substances, tomato powder, sugar, hydrolyzed vegetable protein, natural flavours and natural flavouring substances and garlic powder (0.1%)), degermed corn grits and Bengal gram grits (3.1%)",100,546,57.3,5.5
344,Haldiram's Dal Biji,HALDIRAMS,SNACKS,NAMKEEN,"Bengal Gram Flour (Besan), Refined Palmolein Oil, Red Lentils (Masur Whole), Iodised Salt, Red Chilli, Black Pepper, Spinach, Cumin, Clove, Nutmeg, Black Salt, Dried Ginger Powder, Cinnamon, Bay Leaves, Dried Mango Powder, Mint Leaves, Cardamom, Asafoetida",100,540,45.41,15.64
345,Granamma Kodubale/ Ring Murukku,GRANAMMA,SNACKS,KODBALE,"Rice Flour, Edible Vegetable Oil (Palmolein, Sunflower Oil, Groundnut Oil), Semolina, Refined Wheat Flour (Maida), Fried Gram Flour, Desiccated Coconut, Iodised Salt, Dried Chilli, Mixed Spices",100,512,60.1,7
346,Granamma Madras Mixture,GRANAMMA,SNACKS,MIXTURE,"Gram Flour (Besan), Edible Oil (Palmolein, Sunflower Oil, Groundnut Oil, Rice Flour, Fried Groundnut, Fried Cashewnut, Sugar Powder, Fried Curry Leaves, Iodised Salt, Mixed Spices, Refined Wheat Flour (Maida).",100,549,47.1,13
347,Granamma Ribbon Pakoda,GRANAMMA,SNACKS,CRISPS,"Rice Flour, Refined Vegetable Oil, Bengal Gram Flour (Besan), Semolina, Iodised Salt, Sesame Seeds, Chilli Powder, Cumin Seeds, Asafoetida",100,541,48.7,8.1
348,Granamma Butter Murukku,GRANAMMA,SNACKS,NAMKEEN,"Rice Flour, Refined Vegetable Oil, Roasted Bengal Gram Flour, Butter (2%), Urad Flour, Iodised Salt, Sesame Seeds, Mixed Spices",100,545,54.9,7.1
349,Granamma Kara Boondi,GRANAMMA,SNACKS,NAMKEEN,"Gram Flour (Besan), Refined Vegetable Oil (Palmolein, Sunflower Oil, Groundnut Oil), Rice Flour, Groundnut, Cashew Nut, Dried Chilli, Dried Curry Leaves, Iodised Salt, Refined Sugar, Mixed Spices",100,567,46.3,10.9
350,Dev Kadalamavu Mixture,DEV SNACKS,SNACKS,MIXTURE,"Besan Powder, Ground Nut, Vegetable Oil, Curry Leaves, Chilly Powder, Asafoetida, Salt",100,597.41,30.12,20.3
351,Dev Snacks Ghee Murukku,DEV SNACKS,SNACKS,MURUKKU  ,"Rice Powder, Urid Dal, Ghee, Gingelly Jeera, Vegetable Oil & Salt",100,513.5,67.71,2.2
352,Bingo! Flat Cut Himalayan Pink Salt,BINGO,SNACKS,POTATOCHIPS,"Potato (63.8%), Refined Palmolein, Himalayan Pink Salt (1.6%), and Beet Root Powder",100,552,54.2,8.3
353,Lay's Potato Chips WAFERstyle - Salt with Pepper Flavour,LAY'S,SNACKS,POTATOCHIPS,"Potato, Edible Vegetable Oil (Palmolein Oil), Seasoning (Maltodextrin, Iodised Salt, Spices and Condiments, Sugar, Flavour (Natural and Nature Identical Flavouring Substances), Anticaking Agent (551), Flavour Enhancers (627, 631), Edible Vegetable Oil (Palm))",100,539,53.2,6.5
354,Modern Kitchens Wheel Chips,MODERN KITCHENS,SNACKS,MURUKKU ,"Wheat Flour, Edible Starch, Refined Vegetable Oil, Red Chilli, Coriander, Cumin, Turmeric, and Black Salt",100,352.2,74,7
355,Nestle Munch Max Choco Coated Crunchy WAFERBar,NESTLE,CHOCOLATE,WAFERCHOCOLATE,"Sugar, Refined Wheat flour (Maida), Hydrogenated vegetable fats, Fractionated vegetable fat, Milk solids, Cocoa solids (3.9%), Emulsifier (Soya lecithin), Raising agent (500(ii)), Yeast, Iodised salt, Flour treatment agent (516), Artificial (VANILLA CAKE) flavouring substance and Nature-Identical flavouring substance",100,428,50,5.7
356,Cadbury Dairy Milk Chocolate Bar,CADBURY,CHOCOLATE,CHOCOLATE BAR,"Sugar, Milk Solids (23%), Cocoa Butter, Cocoa Solids, Emulsifiers (442, 476), Flavours (Natural, Nature Identical, and Artificial VANILLA CAKE)",100,531,60.4,7.9
357,Ferrero Rocher,FERRERO ROCHER,CHOCOLATE,MILK CHOCOLATE,"Milk Chocolate (30%) Sugar, Cocoa Butter, Cocoa Mass, Skimmed Milk Powder, Anhydrous Milkfat, Emulsifier Lecithin - Ins 322, Nature Identical Flavouring Substance - Vanillin), Hazelnuts (28.5%), Sugar, Palm Oil, Refined Wheat Flour Maida, Whey Powder, Low Fat Cocoa Powder, Emulsifier Lecithin Ins 322), Raising Agent (Ins 500Ii), Edible Common Salt, Nature Identical Flavouring Substance Vanillin",100,595,44.4,8.2
358,Cadbury 5 Star CHOCOLATE BAR,CADBURY,CHOCOLATE,CHOCOLATE BAR,"Sugar Boiled Confectionery. Ingredients: Sugar, Liquid Glucose, Milk Solids, Invert Sugar, Hydrogenated Oil, Cocoa Solids, Cocoa Butter, Fractionated Fat, Emulsifiers (442, 471, 476), Hydrolyzed Vegetable Protein, Iodised Salt, Flavours (Natural, Nature Identical And Artificial (Milk, Caramel And VANILLA CAKE) Flavouring Substances). Allergen Information: Contains Milk, Soy, Sulphites. May Contain Peanut, Wheat, Barley And Tree Nut.",100,444,72.9,3.3
359,Amul Chocominis Chocolate,AMUL,CHOCOLATE,CHOCOLATE,"Sugar, Hydrogenated Edible Vegetable Fat (Palm Kernel Oil), Milk Solids, Cocoa Solids, Permitted Emulsifiers (E492, E322), Contains Added VANILLA CAKE Flavour (Artificial Flavouring Substances)",100,545,60.7,5.5
360,Galaxy Cookie Crumble CHOCOLATE BAR,GALAXY,CHOCOLATE,CHOCOLATE BAR,"Milk chocolate (90%): sugar, milk solids, cocoa butter, cocoa solids, edible vegetable fats less than 5% (sal fat, palm oil), emulsifiers (322, 476), humectant (422). Cookies (10%): refined wheat flour (maida), sugar, edible vegetable fat (palm oil), fat reduced cocoa powder, butter, skimmed milk powder, liquid glucose, raising agents (503(ii), nature identical flavour. Contains vegetable addition to cocoa butter.",100,543,61.3,6.6
361,Galaxy Smooth Milk CHOCOLATE BAR,GALAXY,CHOCOLATE,CHOCOLATE BAR,"Sugar, Milk Solids, Cocoa Butter, Cocoa Solids, Edible Vegetable Fats, Humectant (422), Emulsifiers (322, 476)",100,553,60.2,6.4
362,Cadbury Dairy Milk Fruit & Nut CHOCOLATE BAR,CADBURY,CHOCOLATE,CHOCOLATE BAR,"Sugar, Milk Solids (18%), Cocoa Butter, Dry Fruit (Raisins (10%)), Cocoa Solids, Almonds (9%), Fractionated Fat, Emulsifiers (442, 476), Flavours (Natural, Nature Identical and Artificial (VANILLA CAKE) Flavouring Substances). Contains Cocoa Butter Equivalent In Addition To Cocoa Butter",100,520,58.8,8.5
363,Hershey's Kisses Milk Chocolate,HERSHEYS,CHOCOLATE,CHOCOLATE,"Sugar, Milk Solids (27%), Cocoa Butter, Cocoa Solids, and Emulsifiers (INS 322(i) and INS 476)",100,525,60.5,9.08
364,Confetteria Raffaello Coconut and White Almond,CONFETTERIA RAFFAELLO,CHOCOLATE,CHOCOLATE,"Desiccated Coconut, Palm Oil, Sugar, Almond, Skimmed Milk Powder, Whey Powder, Shea Butter, Refined Wheat Flour (Maida), Tapioca Starch, Nature Identical Flavouring Substances, Emulsifier (Lecithin - INS 322), Raising Agent (INS 500ii), Edible Common Salt",100,627,38.6,7.4
365,Cadbury Dairy Milk Crispello CHOCOLATE BAR,CADBURY,CHOCOLATE,CHOCOLATE BAR,"Milk Chocolate 50%- Sugar, Milk Solids (11%), Cocoa Butter, Cocoa Solids, Emulsifiers (442, 476), Flavours (Natural, Nature Identical and Artificial (VANILLA CAKE) Flavouring Substances), Centre 50%- Sugar, Fractionated Fat, Wheat Crispies 11% (Refined Wheat Flour (Maida), Sugar, Corn Starch, Cocoa Solids, Iodised Salt, Palm Kernel Oil, Leavening Agents (450(I), 500(I), 341(I))), Corn Starch, Cocoa Solids, Emulsifiers (442, 476), Iodised Salt, and Artificial (VANILLA CAKE) Flavouring Substances",100,523,64.5,5.2
366,Twix Minis Cookie Caramel Chocolate Pack,TWIX,CHOCOLATE,CHOCOLATE BAR,"Sugar, Liquid Glucose, Refined Wheat Flour (Maida) (17%), Edible Vegetable Fat (Palm Fat), Milk Solids, Cocoa Butter, Cocoa Solids, Salt, Emulsifier (Ins 322), Raising Agent (Ins 500), and Natural Flavour (VANILLA CAKE)",100,493,66.8,4.6
367,"Sunfeast Fantastik Fruit n Nut, Chocolaty Bar",SUNFEAST,CHOCOLATE,CHOCOLATE BAR,"Sugar, Hydrogenated Vegetable Oil, Milk Solids, Almond Bits, Raisins, Cocoa Solids, Cashew Bits, Emulsifier (Lecithin From Soyabean), Nature Identical Flavouring Substances",100,546,60.6,8.2
368,Cadbury Dairy Milk Silk Oreo CHOCOLATE BAR,CADBURY,CHOCOLATE,CHOCOLATE BAR,"Milk Chocolate (50%)- Sugar, Milk Solids (13%), Cocoa Butter, Cocoa Solids, Emulsifiers (442, 476), Flavours (Natural, Nature Identical and Artificial (VANILLA CAKE) Flavouring Substances); Centre (50%)- Fractionated Fat, Biscuit 13% (Refined Wheat Flour (Maida), Sugar, Palmolein, Invert Sugar, Cocoa Solids, Leavening Agents (500(ii), 503(ii)), Iodised Salt, Emulsifier (322), Flavours (Artificial (VANILLA CAKE) Flavouring Substances)), Sugar, Milk Solids, Emulsifier (442), Flavours (Artificial (VANILLA CAKE) Flavouring Substances)",100,563,56.9,6
369,Eat Anytime Coffee Cinnamon Date Laddoo,EAT ANYTIME,CHOCOLATE,LADDU,"Dates, Almonds, Coconuts, Oats, Coffee, Chia Seeds, Sea Salt",100,474.8,49.9,14.3
370,Cadbury Nutties Chocolate,CADBURY,CHOCOLATE,CHOCOLATE,"Center (56%) (Sugar, Cashews (11%), Milk Solids, Glazing Agent (904), Stabilizers (1400, 414), lodised Salt, Flavours (Natural and Nature Identical Flavouring Substances), Emulsifier (442), Almond); Milk Chocolate (44%) (Sugar, Milk Solids (9%), Cocoa Butter, Cocoa Solids, Fractionated Fat, Emulsifiers (442, 476), Flavours (Natural, Nature Identical and Artificial (VANILLA CAKE) Flavouring Substances))",100,511,67.2,5
371,Nestle Milkybar Tablet Made With Milk Yummy & Creamy Treat,MILKY BAR,CHOCOLATE,CHOCOLATE BAR,"Milk Solids (35%), Sugar, Hydrogenated Vegetable Fats, Fractionated Vegetable Fat, Emulsifier (Soya Lecithin), Nature-identical Flavouring Substance",100,524,50.1,11.1
372,Snickers Peanut Filled CHOCOLATE BAR Loaded with Delicious Roasted Peanuts,SNICKERS,CHOCOLATE,CHOCOLATE BAR,"Sugar, Milk Solids, Cocoa Butter, Cocoa Solids, Edible Vegetable Fats (Sal Fat, Palm Oil), Dextrose, Emulsifier (INS 322), Liquid Glucose, Peanuts, Hydrogenated Vegetable Oil (Palm Oil), Iodized Salt",100,491,57.43,8.83
373,Cadbury Dairy Milk Silk Desserts Brownie CHOCOLATE BAR,CADBURY,CHOCOLATE,CHOCOLATE BAR,"Milk Chocolate (60%)- Sugar, Milk Solids, Cocoa Butter, Cocoa Solids, Emulsifiers (442, 476), Flavours (VANILLA CAKE); Centre (40%)- Walnuts (7%), Fractionated Fat, Sugar, Refined Wheat Flour (Maida), Cocoa Solids, Milk Solids, Interesterified Fat, Humectant (422), Water, Palmolein, Emulsifiers (322, 442, 476), Invert Sugar, Flavours (Brownie, VANILLA CAKE), Raising Agents (500(ii), 503(ii)), Iodized Salt, Antioxidant (307c)",100,557,50.9,8.1
374,Hershey's Creamy Milk CHOCOLATE BAR,HERSHEYS,CHOCOLATE,CHOCOLATE BAR,"Sugar, Milk Solids (28%), Cocoa Solids (17.7%), Cocoa Butter, Edible Vegetable Oil (Sunflower and Palm), Emulsifiers (322 (i), 476), Flavour (Artificial Flavouring Substance-Vanillin)",100,553,52.4,8.8
375,Hershey's Cookies 'N' Creme CHOCOLATE BAR,HERSHEYS,CHOCOLATE,CHOCOLATE BAR,"Sugar, edible vegetable oil (sunflower and palm oil), cookies (#19%) {refined wheat flour (maida), sugar, edible vegetable oil (palm oil), cocoa solids (#2%), emulsifier (322 (I)), milk solids, raising agent (500ii)}, milk solids (#18.6%), corn syrup solids, edible vegetable oil (palm and palm kernel oil), emulsifier (322 (I)) and flavor (artificial flavouring substance - vanillin)",100,522,65,5.5
376,Cadbury Dairy Milk Bites Hazelnut Chocolate Pack,CADBURY,CHOCOLATE,CHOCOLATE,"Milk Chocolate (Sugar, Milk Solids, Cocoa Butter, Cocoa Solids, Fractionated Fat, Emulsifiers (442, 476), Natural Flavours, Nature Identical and Artificial VANILLA CAKE Flavouring), Hazelnuts, Glazing Agent (904), Stabilizers (414, 1400), Sugar, Liquid Glucose",100,566,48.1,9.2
377,Hershey's Dark CHOCOLATE BAR,HERSHEYS,CHOCOLATE,CHOCOLATE BAR,"Sugar, Cocoa Solids, Cocoa Butter, Milk Solids, Emulsifiers, Flavour",100,535,62,5
378,"Galaxy Fusions Silky Smooth Dark CHOCOLATE BAR, Made with 70% Cocoa",GALAXY,CHOCOLATE,CHOCOLATE BAR,"Cocoa mass, Sugar, Cocoa butter, Emulsifiers: ins 322 (lecithin), Natural flavor: VANILLA CAKE, Cocoa content: Total cocoa content: 70%",100,568,30.8,7.5
379,Cadbury Dairy Milk Silk Bubbly CHOCOLATE BAR,CADBURY,CHOCOLATE,CHOCOLATE BAR,"Sugar, Milk Solids (25%), Cocoa Butter, Cocoa Solids, Emulsifiers (442, 476), Flavours (Natural, Nature Identical, and Artificial (VANILLA CAKE) Flavouring Substances)",100,543,58.5,7.6
380,Cadbury Dairy Milk Silk CHOCOLATE BAR,CADBURY,CHOCOLATE,CHOCOLATE,"Sugar, Milk Solids, Cocoa Butter, Cocoa Solids, Emulsifiers (442, 476), Natural Flavours, Nature Identical and Artificial VANILLA CAKE Flavouring Substances",100,543,58.5,7.6
381,Nestle KitKat Delights Rich,NESTLE,CHOCOLATE,CHOCOLATE,"Milk Chocolate (68.8) (Sugar, Milk solids (16.6), Cocoa butter (12), Cocoa solids (8.2), Emulsifier (Soya lecithin) & Artificial (VANILLA CAKE) flavouring substances), WAFER(Refined Wheat flour (Maida), Sugar, Hydrogenated vegetable fats, Cocoa solids (1.5), Milk solids, Fractionated vegetable fat, Yeast, Raising agent (500(ii)), Emulsifier (Soya lecithin), lodized salt, Flour treatment agent (516), Artificial (VANILLA CAKE) flavouring substances & Nature identical flavouring substances)",100,441,49.6,6.2
382,Cadbury Dairy Milk Silk Mousse CHOCOLATE BAR,CADBURY,CHOCOLATE,CHOCOLATE BAR,"Milk Chocolate 55%- Sugar, Milk Solids (13%), Cocoa Butter, Cocoa Solids, Emulsifiers (442, 476), Flavours (Natural, Nature Identical and Artificial (VANILLA CAKE) Flavouring Substances) Centre Filling 45%: Fractionated Fat, Sugar, Cocoa Solids, Milk Solids, Emulsifier (442), Flavour (Artificial (VANILLA CAKE) Flavouring Substances)",100,553,52.4,8.7
383,Kinder Creamy Milky And Cocoa With Extruded Rice,KINDER JOY,CHOCOLATE,CHOCOLATE,"Sugar, Skimmed Cow Milk Powder (22%), Palmolein, Palm Oil, Extruded Rice (7.7%), Low Fat Cocoa Powder (2.6%), Emulsifier (Lecithin - INS 322), Powdered Barley Malt Extract, Emulsifier (Lecithin - INS 322), Powdered Barley Malt Extract, Nature-Identical Flavouring Substances",100,539,55.4,8.4
384,Hershey's Kisses Cookies 'N' Cream Chocolate,HERSHEYS,CHOCOLATE,CHOCOLATE,"White Chocolate (89%): Milk Solids (34%), Sugar, Cocoa Butter, Cookies (11%): Wheat Flour, Sugar, Edible Vegetable Oil (Palm Oil), Cocoa Solids (10.3%), Emulsifier 322(I), Acidity Regulator 500(II), and Milk Solids, Emulsifiers (476 and 322(I))",100,530,58,9.3
385,Hershey's Exotic Raspberry & Goji Dark Chocolate,HERSHEYS,CHOCOLATE,CHOCOLATE,"Center (55%): Sugar, Liquid Glucose, Fruit Pulp (10.1%) ((Papaya (9.7%), Raspberry (0.2%), Gojiberry (0.2%)), Stabilisers (440,414,331 (iii)), Acidulant (296). Chocolate (45%): Sugar, Cocoa solids (29.4%), Cocoa butter, Milk solids, Emulsifier (322(i)), Liquid glucose, Stabiliser (1400), Edible common salt and Glazing agent (904)",100,451,80.4,1.97
386,Cadbury Temptations Almond Treat Premium CHOCOLATE BAR,BOURNVILLE,CHOCOLATE,CHOCOLATE BAR,"Sugar, Almonds (17%), Cocoa Butter, Milk Solids, Cocoa Solids, Fractionated Fat, Emulsifiers (442,476), Flavours (Natural, Nature Identical And Artificial (VANILLA CAKE) Flavouring Substances). Contains Cocoa Butter Equivalent In Addition To Cocoa Butter.Allergen Information: Contains Milk, Almonds, Soy May Contain Other Tree Nuts",100,555,53.4,9
387,Amul Dark CHOCOLATE BAR,AMUL,CHOCOLATE,CHOCOLATE BAR,"Sugar, Cocoa Solids, Cocoa Butter, Permitted Emulsifiers (E322, E476). Contains Added Flavours (Artificial Flavouring Substances - Cocoa and VANILLA CAKE)",100,521,51.4,6.4
388,Hershey's Exotic Dark Chocolate Californian Almonds - With Blackberry Crunchy Dark Chocolate,HERSHEYS,CHOCOLATE,CHOCOLATE,"Center (30%): Roasted almonds (29%), Stabilizers (415,1400), Anticaking agent (551) and Blackberry fruit powder (0.15%). Chocolate (70%): Sugar, Cocoa solids (20%), Cocoa butter, Milk solids, Liquid glucose, Emulsifier (322(i)), Stabiliser (1400), Edible common salt and Glazing agent (904)",100,564,50.8,8.5
389,Cadbury Temptations Rum & Raisins Premium CHOCOLATE BAR,BOURNVILLE,CHOCOLATE,CHOCOLATE,"Sugar, Raisins (18%), Cocoa Butter, Cocoa Solids, Milk Solids, Fractionated Fat, Emulsifiers (442, 476), Flavours (Natural, Nature Identical, and Artificial (Rum, Raisin, VANILLA CAKE) Flavouring Substances)",100,498,62.2,5.7
390,Nestle KitKat Delights Caramel,NESTLE,CHOCOLATE,CHOCOLATE BAR,"Milk Chocolate (68.9) (Sugar, Milk solids (16.6), Cocoa butter (12), Cocoa solids (8.2), Emulsifier (Soy lecithin), Nature identical (Cream Caramel) flavouring substances & Artificial (VANILLA CAKE) flavouring substances), WAFER(Refined Wheat flour (Maida), Sugar, Hydrogenated vegetable fats, Cocoa solids (0.68), Milk solids, Fractionated vegetable fat, Yeast, Raising agent (500(ii)), Emulsifier (Soy lecithin), Flour treatment agent (516), lodized Salt, Artificial (VANILLA CAKE) flavouring substances & Nature identical Flavouring substances)",100,441,49.9,6
391,Bounty Miniatures Coconut Filled Chocolate Pack,BOUNTY,CHOCOLATE,CHOCOLATE BAR,"Milk chocolate coating (44%) (Sugar, Milk solids, Cocoa butter, Cocoa solids, Edible vegetable fat less than 5% (Palm oil). Emulsifier (322)); Centre filling (Desiccated coconut (18%), Sugar Liquid glucose, Emulsifier (471). Hu,ectant (422), Salt)",100,490,59.4,3.9
392,Cadbury Dairy Milk Silk Hazelnut CHOCOLATE BAR,CADBURY,CHOCOLATE,CHOCOLATE BAR,"Sugar, Milk Solids (21%), Hazelnuts (16%), Cocoa Butter, Cocoa Solids, Emulsifiers (442, 476), Flavours (Natural, Nature Identical, and Artificial VANILLA CAKE)",100,566,51.4,8.7
393,"Snickers Filled with Brownie, Peanuts & Caramel CHOCOLATE BAR",SNICKERS,CHOCOLATE,CHOCOLATE BAR,"Milk chocolate (35%): (Sugar, Milk solids, Cocoa butter, Cocoa solids, Dextrose, Edible vegetable fat <5% (Sal fat, Palm oil), Emulsifier (322)); Centre filling (65%): (Liquid glucose, Peanuts (13%), Sugar, Cocoa solids (9.6%), Milk solids, Edible vegetable fat (Palm oil, Sesame oil), Invert sugar, lodized salt, Nature identical flavour, Cocoa butter, Emulsifier (322)).",100,494.9,59.3,7.3
394,Cadbury Dairy Milk Lickables Chocolate with Oreo Chunks,CADBURY,CHOCOLATE,CHOCOLATE,"Sugar, Palm Superolein, Milk Solids (11%), Biscuit 10% (Refined Wheat Flour (Maida), Sugar, Palmolein, Invert Sugar, Cocoa Solids, Leavening Agents (500)(i), 503(i), lodised Salt, Emulsifier (322), Flavours (Artificial (VANILLA CAKE) Flavouring Substances)), Cocoa Solids, Wheat crispies 5%* (Refined Wheat Flour (Maida), Sugar, Starch, lodised Salt, Cocoa Powder, Palm Kernel Oil, Leavening Agents (450 (1), 500(i), 341 (1))), Mineral, Stabilizing Agent (1400), Hydrogenated Vegetable Fat, Emulsifiers (442, 476), Flavours (Natural, Nature Identical, Artificial (Caramel and VANILLA CAKE) Flavouring Substances)",100,490,59.2,7
395,Hershey's Kisses Choco Truffle,HERSHEYS,CHOCOLATE,CHOCOLATE,"Milk Chocolate (Sugar, Milk Solids, Cocoa Solids, Cocoa Butter, Edible Vegetable Oil (Sunflower and Palm), Emulsifiers (322, 476), Flavour (Artificial Flavouring Substance - Vanillin)), Center Filling (Edible Vegetable Oil (Palm and Rapeseed), Sugar, Milk Solids, Cocoa Solids, Emulsifiers (322, 476))",100,546,59,6.6
396,Amul Fruit 'N' Nut Chocolate,AMUL,CHOCOLATE,CHOCOLATE BAR,"Sugar, Cocoa Solids, Cocoa Butter, Almonds (8%), Raisins (5%), Permitted Emulsifiers (E322, E476), Added Flavours (Artificial Flavouring Substances - Cocoa and VANILLA CAKE)",100,556,55,7.1
397,Cadbury Dairy Milk Silk Desserts Plum Cake CHOCOLATE BAR,CADBURY,CHOCOLATE,CHOCOLATE BAR,"Milk Chocolate (60%)- Sugar, Mik Solids (15%) Cocoa Butter Cocoa Solids, Emulsifiers (442, 476), Flavours (Natural, Nature Identical and Artificial (VANILLA CAKE) Flavouring Substances); Centre (40%)- Apple Orange Pieces (7%) (Invert Syrup, Humectant (422), Apple Puree Concentrate (1%) Liqud Glucose, Sugar, Wheat Fibre, Orange Juice Concentrate (0.4%) Refined Palm Oil Thickening Agent (440), Acidity Regulator (330), Flavour (Natural (Orange) Flavouring Substances), Colour (100)). Fractionated Fat Sugar Refined Wheat Flour (Maida), Cocoa Solids, Milk Solids, Interesterified Fat, Humectant (422), Water, Palmolein, Emulsifiers (322, 442, 476), Invert Syrup. Flavours (Natural (Plum Cake), Nature Identical and Artificial (VANILLA CAKE) Flavouring Substances), Lodized Salt, Raising Agents (500(Ii), 503()), and Antioxidant (307C)",100,533,55.6,6.9
398,Mars Caramel CHOCOLATE BAR,MARS,CHOCOLATE,CHOCOLATE BAR,"Sugar, Liquid glucose, Milk solids, Invert Sugar, Hydrogenated Oil, Cocoa Butter, Cocoa Solids, Fractionated Fat, Emulsifiers (442, 471, 476), Hydrolyzed Vegetable Protein, lodised Salt, Flavours (Natural, Nature Identical and Artificial (Caramel and VANILLA CAKE) Flavouring Substances).",100,450,70,4
399,"Fabelle Hazelnut Handcrafted Chocolate Truffles Inspired by Classic Desserts, Assorted Luxury Chocolates Gift Pack",FABELLE,CHOCOLATE,CHOCOLATE,"Milk chocolate (55%) (sugar, milk solids (13.4%), cocoa butter, cocoa solids, dextrose, stabilizer (carrageenan), emulsifiers [sorbitan tristearate (from palm oil), ammonium salts of phosphatidic acid (from sunflower oil), lecithin (from soyabean), nature identical flavouring substances), centre filling (hazelnut mousse (45%) (refined palm oil, sugar, nuts (10.0%) [hazelnut (5.0%), almondsi, cocoa solids, milk solids, emulsifiers (mono and diglycerides of fatty acids (from palm oil), lecithin (from soyabean), hydrogenated vegetable oil, nature identical flavouring substances])",100,585,48.4,7.7
400,Cadbury Bournville Rich Cocoa 70% Dark CHOCOLATE BAR,BOURNVILLE,CHOCOLATE,CHOCOLATE BAR,"Cocoa Butter, Cocoa Solids, Emulsifiers (442, 476), Milk Solids, Nature Identical Flavouring Substances, and Sugar",100,598,40.7,7.6
401,Cadbury Bournville Cranberry 50% Dark CHOCOLATE BAR,BOURNVILLE,CHOCOLATE,CHOCOLATE BAR,"Sugar, Cocoa Butter (24%), Cocoa Solids (18%), Dried Sweetened Cranberries (11%) (Cranberries, Sugar), Almonds (7%), Milk Solids, Emulsifiers (442, 476), Flavours (Natural and Nature Identical Flavouring Substances)",100,526,68,6.1
402,Cadbury Bournville Fruit & Nut 50% Dark CHOCOLATE BAR,BOURNVILLE,CHOCOLATE,CHOCOLATE BAR,"Sugar, Cocoa Butter (24%), Cocoa Solids (18%), Raisins (75%), Cashew Nuts (4%), Apricot Kernels (4%), Milk Solids, Emulsifiers (442, 476), Nature Identical Flavoring Substance",100,533,56.8,6.4
403,Amul India Twilight Tryst 55% Dark CHOCOLATE BAR,AMUL,CHOCOLATE,CHOCOLATE BAR,"Sugar, Cocoa Butter, Cocoa Solids, Permitted Emulsifiers (E322, E476), Contains Added Flavours (Artificial Flavouring Substances - Cocoa and VANILLA CAKE)",100,557,57.3,6
404,Snickers Almond Filled CHOCOLATE BAR,SNICKERS,CHOCOLATE,CHOCOLATE BAR,"Milk Chocolate Coating (35%): Sugar, Milk Solids, Cocoa Butter, Cocoa solids, Lactose, Dextrose, Emulsifier (Soya Lecithin),Ethyl Vanillin; Centre Filling(65%): Milk Solids, Salt, Lactose, Milk Fat, Almonds, Glucose Syrup, Sugar, Hydrogenated egetable Oil (Palm Oil),Cocoa Butter, Cocoa solid Dextrose, Emulsifier (Soya Lecithin), Ethyl vanillin.",100,475,58.8,7
405,Cadbury Gems Surprise Ball Chocolate,CADBURY,CHOCOLATE,CHOCOLATE,"Sugar, Hydrogenated Oils, Milk Solids, Cocoa Solids (8%*), Refined Wheat Flour (Maida), Emulsifiers (414, 442, 476), Colours (171, 102, 133, 124, 127, 122, 132, 110), Glazing Agent (903), Liquid Glucose, Flavours (Natural, Nature Identical and Artificial (Caramel and VANILLA CAKE) Flavouring Substances)",100,469,75.9,3.5
406,Cadbury Bournville Rich Cocoa 50% Dark CHOCOLATE BAR,CADBURY,CHOCOLATE,CHOCOLATE BAR,"Sugar, Cocoa Butter (29%), Cocoa Solids (22%), Milk Solids, Emulsifiers (442, 476), Nature Identical Flavoring Substances",100,543,66.9,5.6
407,Amul Milk Chocolate Smooth And Creamy,AMUL,CHOCOLATE,CHOCOLATE BAR,"Sugar, Cocoa Butter, Milk Solids, Cocoa Solids, Permitted Emulsifiers (E322, E476). Contains Added Flavours (Artificial Flavouring Substances - VANILLA CAKE and Cocoa)",100,545,57.4,8.4
408,Amul Sugar Free Dark Chocolate,AMUL,CHOCOLATE,CHOCOLATE BAR,"Maltitol, Cocoa Solids, Cocoa Butter, Permitted Emulsifiers (322, 476), Artificial Flavouring Substances (Cocoa, VANILLA CAKE)",100,554,43,14.2
409,Hershey's Exotic Dark Blueberry And Acai Chocolate Share Bag,HERSHEYS,CHOCOLATE,CHOCOLATE,"Center (55%): Sugar, Liquid Glucose, Fruit Pulp (10.1%) (Papaya (9.7%), Blueberry (0.2%), Acai (0.2%)), Stabilisers (440,414,331(Iii)), Acidulant (296). Chocolate (45%): Sugar, Cocoa Solids (29.4%), Cocoa Butter, Milk Solids, Emulsifier (322(I)), Liquid Glucose, Stabiliser (1400), Edible Common Salt and Glazing Agent (904)",100,451,80.4,1.97
410,Nova Nova Waffle Chocolates- Belgian Chocolate,NOVA NOVA ,CHOCOLATE,WAFFLE,"Belgian & Dark Chocolate [71.3% (Sugar, Hydrogenated Vegetable Oil ((Palm & Palm Kernel). Milk Solids, Cocoa Solids, Emulsifiers E322, E476)], All-purpose Flour, Milk, Sugar, Butter, White Chocolate Drizzle, Raising Agent (E500 ii) and VANILLA CAKE Essence",100,360,45,4
411,Nova Nova Choco Pockets- Classic Chocolate,NOVA NOVA ,CHOCOLATE,CHOCOLATE,"Sugar, Refined Wheat Flour, Edible Vegetable Oil (Palm Oil), Milk Solids, Invert Syrup, Cocoa Solids, Iodised Salt, Emulsifiers (Plant Origin) (E471, E472(e), E322), Flour Improver (E01100), Antioxidant (E319)",100,463,74,7
412,Hershey's Kisses Hazelnut 'N' Cookies Chocolate,HERSHEYS,CHOCOLATE,CHOCOLATE,"Sugar, Milk Solids (22.1%), Cocoa Butter, Cocoa Solids (11.4%), Hazelnut Bits (5.5%), Cookies (4.5%) (Refined Wheat Flour (Maida), Sugar, Edible Vegetable Oil (Palm Oil), Cocoa Solids (0.5%), Emulsifier (322)), Acidity Regulator (500i)), Emulsifiers (442, 476) and Flavour (Artificial flavouring substance - VANILLA CAKE)",100,548,56,7.3
413,Hershey's Kisses Almonds Chocolate,HERSHEYS,CHOCOLATE,CHOCOLATE,"Almond Bits (11%), Cocoa Butter, Cocoa Solids, Emulsifiers (322(i), 476), Milk Solids (24%), and Sugar",100,535,56,10.3
414,Hershey's Exotic Dark Pomegranate Chocolate,HERSHEYS,CHOCOLATE,CHOCOLATE,"Center (55%): Sugar, Liquid Glucose, Fruit Pulp (9.9%) ((Papaya (9.7%), Pomegranate (0.2%)), Stabilisers (440,414,331 (iii)), Acidulant (296). Chocolate (45%): Sugar, Cocoa solids (29.4%), Cocoa butter, Milk solids, Emulsifier (322(i)), Liquid glucose, Stabiliser (1400), Edible common salt and Glazing agent (904)",100,451,80.4,1.97
415,Amul Single Origin India Milk Chocolate,AMUL,CHOCOLATE,CHOCOLATE,"Sugar, Milk Solids, Cocoa Butter, Cocoa Solids, Permitted Emulsifiers (E322, E476). Contains Added Flavours (Artificial Flavouring Substances - Cocoa and VANILLA CAKE)",100,568,49.7,9.5
416,Amul Velvet Milk Chocolate,AMUL,CHOCOLATE,CHOCOLATE BAR,"Milk solids, cocoa butter, cocoa solids, sugar, emulsifiers (322, 476), anticaking agent [500(ii)]",100,528,39.8,6
417,Lo Foods Dark CHOCOLATE BAR Hazelnut Premium Sugar Free Chocolate Rich Healthy Chocolates,LO FOODS ,CHOCOLATE,CHOCOLATE BAR,"‎Unsweetened Cocoa, Stevia Extract, Edible Vegetable Fat, Antioxidant, Maltitol",10,47.1,5.5,0.7
418,Didier & Frank Hazelnut Dark CHOCOLATE BAR,DIDIER AND FRANK,CHOCOLATE,CHOCOLATE BAR,"Hazelnuts, Cocoa Beans, Cocoa Butter, Natural Sugar, Emulsifiers, Flavourings",10,59,5.6,1
419,Didier & Frank 85% Dark CHOCOLATE BAR,DIDIER AND FRANK,CHOCOLATE,CHOCOLATE BAR,"Cocoa Beans, Cocoa Butter, Natural Sugar, Emulsifiers, Flavourings.",10,65,5.6,1
420,Milka Raisins & Nuts Milk Chocolate,MILKA,CHOCOLATE,CHOCOLATE BAR,"Sugar, Raisins, Cocoa Butter, Cocoa Mass, Skimmed Milk Powder, Whey Powder, Hazelnuts, Milk Fat, Emulsifier, Hazelnut Paste, Artificial Vanillin Flavour",100,536,58,6.1
421,Luvit Dark Compound Chocolate,LUVIT,CHOCOLATE,CHOCOLATE BAR,"Sugar, Hydrogenated Oils, Cocoa Solids (18%*), Milk Solids, Emulsifiers INS 322(i), INS 476, Artificial (Vanillin) Flavouring Substance",100,560.46,6.25,9.63
422,Didier & Frank Orange Dark CHOCOLATE BAR,DIDIER AND FRANK,CHOCOLATE,CHOCOLATE BAR,"Cocoa Beans, Cocoa Butter, Natural Sugar, Emulsifiers, Flavourings",10,60,3,1
423,Lo Foods Dark CHOCOLATE BAR Almond Delight Premium Sugar Free Chocolate Rich Healthy Chocolates,LO FOODS ,CHOCOLATE,CHOCOLATE BAR,"Maltitol, Vegetable Fat, Cocoa Powder, Almonds, Soy Lecithin, Vanillin",10,42.7,4.6,1.1
424,Darkins Indian Artisanal 63% Dark Orange Chocolate,DAEKINS,CHOCOLATE,CHOCOLATE BAR,"Naturally Farmed Cacao, Organic Unrefined Cane Sugar, Cacao Butter, Orange peel, Lemon Powder, Natural Orange Extract",10,134.2,13.8,1.7
425,Lo Foods Keto Dark CHOCOLATE BAR (Compound Sugar Free Chocolate),LO FOODS ,CHOCOLATE,CHOCOLATE BAR,"Maltitol, Vegetable Fat, Cocoa Powder, Soy Lecithin, and Vanillin",10,47.7,1.2,0.7
426,Toblerone Black Chocolate,TOBLERONE,CHOCOLATE,CHOCOLATE,"Cocoa Mass, Sugar, Milk Fat, Honey (3%), Almonds (1.6%), Cocoa Butter, Emulsifier (Soya Lecithin), Egg White",33,180,20,2
427,Darkins Indian Artisanal 70% Dark Cranberry & Chilli Chocolate,DAEKINS,CHOCOLATE,CHOCOLATE BAR,"Cacao Beans, Unrefined Cane Sugar, Cranberry, Cacao Butter, Himalayan Pink Salt, Bhut Jholokia Chilli",10,30.9,14.1,1.8
428,Darkins Indian Artisanal 70% Dark Roasted Almonds Chocolate,DAEKINS,CHOCOLATE,CHOCOLATE BAR,"Naturally Farmed Cacao, Organic Unrefined Cane Sugar, Almonds, Cacao Butter",10,144,11.8,2.6
429,The Whole Truth 55% Dark Chocolate,THE WHOLE TRUTH,CHOCOLATE,CHOCOLATE BAR,"Cocoa - 55%, Cocoa Nibs - 45%, Cocoa Butter - 10%, Dates - 45%",100,559.4,53.7,7.1
430,The Whole Truth Hazelnut Dark Chocolate,THE WHOLE TRUTH,CHOCOLATE,CHOCOLATE BAR,"Cocoa - 47% (Cocoa nibs 38%, Cocoa Butter - 9%), Dates - 38%, Roasted Hazelnuts - 15%",100,576,38.3,8.1
431,The Whole Truth Sea Salt Dark Chocolate,THE WHOLE TRUTH,CHOCOLATE,CHOCOLATE BAR,"Cocoa - 70.6%, Dates - 28.6%, Sea Salt - 0.8%",100,591.5,39.9,8.1
432,The Whole Truth Orange Dark Chocolate,THE WHOLE TRUTH,CHOCOLATE,CHOCOLATE BAR,"Cocoa - 71.0% (Cocoa Nibs - 54.8%, Cocoa Butter 16.2%), Dates - 28.7%, Orange Oil - 0.3%",100,597.6,40.1,8.1
433,The Whole Truth Almond Raisin Dark Chocolate,THE WHOLE TRUTH,CHOCOLATE,CHOCOLATE BAR,"Cocoa - 47% (Cocoa Nibs - 38%, Cocoa butter - 9%), Dates - 38%, Roasted Almonds - 9%, Golden raisins - 6%",100,547.9,52,7.9
434,Lindt Exotic Milk Cornet Chocolate,LINDT,CHOCOLATE,CHOCOLATE,"Sugar, Vegetable fat (coconut, palm kernel), Cocoa butter, Cocoa mass, Whole milk powder, Skimmed milk powder, Lactose, Anhydrous milk fat, Emulsifier (soya lecithin), Barley malt extract, Flavourings",25,156,11,1.2
435,Lindt Lindor Smooth Melting Assorted Chocolates Cornet,LINDT,CHOCOLATE,CHOCOLATE,"Sugar, vegetable fat (coconut, palm kernel), cocoa butter, cocoa mass, whole milk powder, lactose (from milk), skim milk powder, anhydrous milk fat, hazelnuts, emulsifier (soya lecithin), barley malt extract, artificial flavourings (vanillin, caramel)",100,630,41,4.7
436,Godiva Dark Chocolate Blood Orange Tablet Bar,GODIVA,CHOCOLATE,CHOCOLATE BAR,"Sugar, Cocoa Mass, Blood Orange Solids (3,6%), Cocoa Butter, Butter Oil, Natural VANILLA CAKE Flavouring, Emulsifier (Soy Lecithin), Natural Orange Flavouring, Red Beet Juice Concentrate, Dark Chocolate: Min.Cocoa: 50%",100,509,60,5.4
437,Godiva Signature 72% Cacao Dark Chocolate,GODIVA,CHOCOLATE,CHOCOLATE BAR,"Cocoa mass, Sugar, Cocoa butter, fat reduced Cocoa powdaer, emulsifier(soy lecithin), salt, butter oil(milk). Cocoa solids is 72% minimum.",100,566,30,7.7
438,Lindt Swiss Classic Milk Chocolate,LINDT,CHOCOLATE,CHOCOLATE BAR,"Sugar, cocoa butter, whole milk powder, cocoa mass, lactose (from milk), skim milk powder, emulsifier (soya lecithin), barley malt extract, artificial flavouring (vanillin)",33,178,19,2.2
439,Lindt Excellence 70 % Cocoa Dark Chocolate,LINDT,CHOCOLATE,CHOCOLATE BAR,"Cocoa mass, sugar, cocoa butter, VANILLA CAKE",30,170,10,3
440,"Cocoa mass, sugar, cocoa butter, VANILLA CAKE",LINDT,CHOCOLATE,CHOCOLATE BAR,"Sugar, Hazelnuts, Cocoa Butter, Milk Ingredients, Cocoa Mass, Lactose, Soya Lecithin, Barley Malt Extract, Artificial Flavour",33,192,14,3
441,Lindt Excellence 90% Cocoa Supreme Dark CHOCOLATE BAR,LINDT,CHOCOLATE,CHOCOLATE BAR,"Cocoa mass, cocoa butter, low fat cocoa powder, sugar, VANILLA CAKE",30,170,4,3
442,Godiva Salted Caramel Belgian Milk Chocolate,GODIVA,CHOCOLATE,CHOCOLATE BAR,"sugar, full cream milk powder, cocoa butter, cocoa mass, glucose syrup, butter oil, butter, cream, emulsifier (soy lecithin), salt, raising agent (E500 (ii)), natural flavouring.",100,541,58,7.4
443,Godiva Milk Chocolate Rich & Creamy,GODIVA,CHOCOLATE,CHOCOLATE BAR,"sugar, full cream milk powder, cocoa butter, cocoa mass, butter oil, emulsifier (soy lecithin), natural flavouring.",100,535,55,8.4
444,Toblerone Fruit & Nut Chocolate,TOBLERONE,CHOCOLATE,CHOCOLATE BAR,"Sugar, Whole Milk Powder, Cocoa Butter, Raisins (12%), Cocoa Mass, Honey (3%), Milk Fat, Almonds (1.6%), Emulsifier (Soy Lecithin ), Egg White, Flavouring (Vanillin ), Milk Chocolate Contains Cocoa Solids 28% Minimum. Contains Milk, Tree Nuts (Almonds), Soy, Egg.",100,500,63,5.2
445,Chokola 54% Sugar Free Dark Chocolate,CHOKOCOLA,CHOCOLATE,CHOCOLATE BAR,"Dark Chocolates, Cocoa Mass, Maltitol, Cocoa Butter, Emulsifier-Soya Lecithin, Cocoa Nibs",30,170,17,2
446,Wedel Milk CHOCOLATE BAR,WEDEL,CHOCOLATE,CHOCOLATE BAR,"Sugar, Cocoa Butter, Dried Whole Milk, Cocoa Mass, Dried Whey (From Milk), Lactose and Milk Proteins, Hazelnut Paste, Milk Fat, Emulsifier (Lecithins), Flavouring",100,530,68,6
447,Chokola 75% Signature Noir Dark Chocolate,CHOKOCOLA,CHOCOLATE,CHOCOLATE BAR,Dark Chocolates,30,169,16,3
448,Lindt Excellence Orange Intense Dark Chocolate,LINDT,CHOCOLATE,CHOCOLATE BAR,"Sugar, Cocoa Mass, Almonds 7%, Orange Juice From Concentrate 3.9%, Cocoa Butter, Anhydrous Milk Fat, Invert Sugar, Lemon Juice From Concentrate, Emulsifier (Soya Lecithin), Pineapple, Gelling Agent (Pectin), Natural Orange Flavouring, and Flavouring",100,525,51,6.2
449,Sugar Free D'lite Quinoa & Almonds Dark CHOCOLATE BAR,SUGAR FREE,CHOCOLATE,CHOCOLATE BAR,"Maltitol (INS 965(i)), Cocoa Butter (33%), Cocoa Solids (18%), Almonds (7%), Puffed Quinoa (3%), Fructo-oligosaccharides, Emulsifiers (INS 322, INS 476), Flavouring (Roasted Almond)",100,502,50.8,5.1
450,Maltesers Chocolate,MALTESERS,CHOCOLATE,CHOCOLATE BAR,"Sugar, Skimmed Milk Powder, Cocoa Butter, Glucose Syrup, Barley Malt Extract, Cocoa Mass, Palm Fat, Lactose and Protein from Whey, Whey Powder, Milk Fat, Emulsifiers (Soya Lecithin, E492), Wheat Flour, Palm Kernel Fat, Palm Kernel Oil, Raising Agents (E341, E500, E501), Wheat Gluten, Salt, Glazing Agent (Pectin), Natural VANILLA CAKE Extract",100,504,62,8.5
451,Cadbury 5 Star 3D CHOCOLATE BAR,CADBURY,CHOCOLATE,CHOCOLATE BAR,"Sugar, Liquid Glucose, Milk Solids (14%), Hydrogenated Vegetable Fat, Cocoa Solids (6%), Rice Crispies (2.8%), Cocoa Butter, Edible Salt, Hydrolysed Vegetable Protein [1, 4, 5, 8]. Centre filling 67%*- Sugar, liquid Glucose, Hydrogenated Vegetable Fat, Milk Solids, Wheat Crispies 5%(Refined Wheat Flour, Sugar, Corn Starch, Edible Salt, Palm Kernel Oil, Leavening Agents (450(i), 500(ii),341 (i)), Edible Vegetable Fat, Invert Sugar, Cocoa Solids, Humectant (422), Emulsifiers (322, 471), Lactose, Edible Salt . Milk Chocolate 33% - Sugar, Cocoa Butter, Milk Solids, Lactose, Cocoa Solids, Emulsifiers (442, 476). CONTAINS ADDED FLAVOUR (NATURAL , NATURE IDENTICAL AND ARTIFICIAL (CARAMEL AND ETHYL VANILLIN) FLAVOURING SUBSTANCES) .",100,512.5,64.8,3.5
452,Cadbury Gems Chocolate Mini Treats Pack,CADBURY,CHOCOLATE,CHOCOLATE BAR,"Cocoa Solids (8%), Colours (102, 110, 122, 124, 127, 132, 133, and 171), Emulsifiers (414, 442, and 476), Flavours Natural, Nature Identical, and Artificial (Caramel and VANILLA CAKE) Flavouring Substances, Glazing Agent (903), Hydrogenated Oils, Liquid Glucose, Milk Solids, Refined Wheat Flour (Maida), and Sugar",100,469,75.9,3.5
453,Chokola 45% Raspberry Chocolate Minis,CHOKOCOLA,CHOCOLATE,CHOCOLATE BAR,"Milk Chocolate (Sugar, Cocoa Butter, Milk Solids, Cocoa Mass, Emulsifier - Soya Lecithin), Raspberry Crumble",100,172,16,2
454,Dukesh Truffel Butter Scotch Chocolate,DUKESH,CHOCOLATE,CHOCOLATE BAR,"Milk Choco Shell (65%) (sugar, Milk Solids (18%), Refined Palm Kernel Stearin, Hydrogenated Oils, Cocoa Solids (7.5%), Maltodextrin, Malt Extract, Emulsifiers [ins 322(1), Ins 476), Iodised Salt and Artificial Flavouring Substance (VANILLA CAKE)} Butterscotch Flavoured Center Filling (35%) (sugar, Milk Solids (20%), Refined Palm Oil, Refined Palmolein, Emulsifier [ins 322(1)], Iodised Salt and Artificial Flavouring Substances (butterscotch, VANILLA CAKE)",100,528.8,62.8,5.4
455,Cadbury Fuse Mini Treats Chocolate Pack,CADBURY,CHOCOLATE,CHOCOLATE BAR,"Centre Filling 72%- Peanuts (19%), Sugar, Interesterified Vegetable Fat, Liquid Glucose, Milk Solids,Hydrogenated Vegetable Oil, Cocoa Solids, Invert Sugar. Humectant (422), Iodised Salt, Emulsifiers (322, 471), Flavours (Nature Identical And Artificial (VANILLA CAKE) Flavouring Substances) Milk Chocolate 28% -Sugar, Cocoa Butter, Mik Solids (4%), Lactose, Cocoa Solids, Fractionated Fat, Emulsifiers (442, 476), Flavours (Natural, Nature Identical And Artificial (VANILLA CAKE And Caramel) Flavouring Substances). Allergen Information: Contains Milk, Peanut, Soy And Sulphites. May Contain Wheat And Barley.",100,541.8,54.4,8
456,Nestle KitKat Delights Dark,NESTLE,CHOCOLATE,CHOCOLATE BAR,"Dark Chocolate (76.2%) (Sugar, Cocoa solids (28.2%), Cocoa butter (8%), Emulsifier (Soya lecithin), Nature-Identical Flavouring Substance and Iodised salt) and WAFER(Sugar, Hydrogenated vegetable fats, Refined Wheat flour (Maida), Cocoa solids (1.2%), Milk solids, Fractionated vegetable fat, Raising agent (500(ii)), Yeast, Emulsifier (Soya lecithin), Iodised salt, Flour treatment agent (516), Artificial (VANILLA CAKE) flavouring substance and Nature-Identical flavouring substance)",100,390,45.5,3.9
457,Cadbury Perk Mini Treats Chocolate coated Wafers,CADBURY,CHOCOLATE,CHOCOLATE BAR,"Sugar, Interesterified Vegetable Fat, Refined Wheat Flour (Maida), Milk Solids, Starch, Cocoa Solids (5%), Palmolein, Emulsifiers (442, 322, 476), Iodised Salt, Yeast, Flavours (Natural, Natural Identical and Artificial (Caramel and VANILLA CAKE) Flavouring Substances), Raising Agent (500(ii)), Improver (1101(i))",100,509,68.3,4.9
458,Cacao Springs Rose Almond Roca,CACAO SPRING,CHOCOLATE,CHOCOLATE BAR,"Almond (40%), Sugar, Butter, Hydrogenated Palm Kernel Oil, Cocoa Solids (2.22%), Emulsifier (INS 322), Salt",585.77,585.77,43.86,13.43
459,Kitkat Delights Hazelnut,NESTLE,CHOCOLATE,CHOCOLATE BAR,"Sugar, Milk Solids (21%), Hazelnuts (16%), Cocoa Butter, Cocoa Solids, Emulsifiers (442, 476), Flavours (Natural, Nature Identical And Artificial (VANILLA CAKE) Flavouring Substances). Allergen Information: Contains Milk And Hazelnut. May Contain Other Tree Nuts, Wheat, Barley And Soy",100,418,48,4.9
460,Sugar free D'lite Hazelnut & Roasted Almonds Dark CHOCOLATE BAR,SUGAR FREE,CHOCOLATE,CHOCOLATE BAR,"Maltitol (INS 965(i)), Cocoa Butter (33%), Cocoa Solids (18%), Almonds (10%), Fructo-oligosaccharides, Emulsifiers (INS 322, INS 476), Flavouring (Hazelnut)",100,509,49.3,5.5
461,Sunfeast Fantastik Roasted Almond,SUNFEAST,CHOCOLATE,CHOCOLATE BAR,"Almond Bits, Cocoa Solids, Emulsifiers, Hydrogenated Vegetable Oil, Lecithin, Milk Solids, Nature Identical Flavouring Substances, and Sugar",100,551,54.2,8.6
462,Ferrero Rocher Moments Pack,FERRERO ROCHER,CHOCOLATE,CHOCOLATE BAR,"Sugar, Skimmed Milk Powder (11.5%), Hazelnuts (10.9%), Palmolein, Refined Wheat Flour (Maida), Refined Salseed Fat, Low Fat Cocoa Powder (5%), Palm Oil, Wheat Starch, Sunflowerseed Oil (High Oleic Acid), Whey Protein Concentrate, Emulsifier (Lecithin - Ins 322), Powdered Barley Malt Extract, Raising Agents (Ins 503ii, Ins 500ii), Contains Added Flavours (Nature-identical Flavouring Substances), Iodized Salt",100,526,54.8,7.9
463,Eat Anytime Hazelnut Date Laddoo,EAT ANYTIME,CHOCOLATE,LADDU,"Dates, Hazelnuts, Almonds, Cashew Nuts, Cocoa Powder",100,458,50.4,14.08
464,Pulse Kachcha Aam 50 Candies,Pass Pass,CHOCOLATE,TOFFEE,Pass Pass,100,380,95,0
465,Chupa Chups Sour Bites Mixed Fruit Flavour Soft And Chewy Toffee,CHUPA CHUPS,CHOCOLATE,CHOCOLATE BAR,"Liquid Glucose, Sugar, Refined Wheat Flour (Maida), Invert Sugar, Acidity Regulators (INS 296, INS 330), Hydrogenated Vegetable Oil, Flavour (Nature - Identical), Colours (INS 133, INS 110, INS 102, INS 122)",100,366.5,81.2,2.7
466,Candyman Sourzzz | Sour Jellies | Sour Candies,CANDYMAN,CHOCOLATE,CANDY,"Sugar, Liquid Glucose, Acidity Regulators (INS 296, INS 330, INS 350(I), INS 331(Iii)), Gelling Agent (INS 440), Artificial Flavouring Substances (Strawberry), Colours (INS 102, INS 110, INS 124, INS 133)",100,358,89.5,0.1
467,Tangy Imli (Tamarind) 10 Pcs Sour Candy,GO DESI,CHOCOLATE,CANDY,"Jaggery, Tamarind, Edible Salt, Cumin Powder, Curry Leaves Powder, Chilli Powder, Refined Sunflower Oil, Acacia Gum",100,369.4,81.9,1
468,Fruittella Strawberry Flavour Chewy Toffee Stick,FRUITTELA,CHOCOLATE,TOFFEE,"Sugar, Liquid Glucose, Hydrogenated Vegetable Oil, Acidity Regulator (INS 330), Thickeners (INS 406, INS 410, INS 414), Humectant (INS 422), Strawberry Juice Concentrate (0.5%), Emulsifier (INS 473), and Stabilizer (INS 1405)",100,400,84.9,6.8
469,"Guava Pulp, Sugar, Spices, and Condiments",GO DESI,CHOCOLATE,CANDY,"Guava Pulp, Sugar, Spices, and Condiments",100,341.92,82.59,1.9
470,"Guava Pulp, Sugar, Spices, and Condiments",GO DESI,CHOCOLATE,CANDY,"Jaggery, Mango powder, Raisins, Amchur powder, Black salt, Citric acid, Refined sunflower oil, Chilli powder",100,385.7,91.6,1.3
471,Alpenliebe Pop Assorted Flavours Lollipop,ALPENLIEBE,CHOCOLATE,CANDY,"Sugar, Liquid Glucose, Sweetened Condensed Milk, Milk Fat, Edible Common Salt, Dextrose, Calcium Carbonate, Hydrogenated Vegetable Oil, Malt Extract, Acidity Regulator, Antioxidant, and Flavour",100,421,86.2,0.4
472,Orbit Sugar-Free Mixed Fruit Chewing Gum Tube,ORBIT,CHOCOLATE,CHEWING GUM,"Gum Base (Contains Soyabean Lecithin), Colour [INS170 (i)], Binders [(INS 414), (INS 1401)], Humectant [INS 422], Sweetener [INS 950], Anticaking Agent [INS 553 (iii)], Glazing Agent [INS 903], Antioxidant [INS 320]",100,184,17,0
473,Chupa Chups Assorted Flavour Long Tubes,CHUPA CHUPS,CHOCOLATE,CANDY,"Strawberry Flavour Ingredients: Sugar, Liquid Glucose, Refined Wheat Flour (Maida), Invert Sugar, Acidity Regulators (INS 350 (ii), INS 296, INS 330), Thickeners (INS 1405, INS 415), Hydrogenated Vegetable Oil, Humectant (INS 422), Flavour [Artificial (Strawberry) Flavouring Substances), Colour (INS 122). Watermelon Flavour Ingredients: Sugar, Liquid Glucose, Refined Wheat Flour (Maida), Invert Sugar, Acidity Regulators (INS 350 (ii), INS 296, INS 330), Thickeners (INS 1405, INS 415), Hydrogenated Vegetable Oil, Humectant (INS 422), Flavour [Artificial (Watermelon) Flavouring Substances), Colours (INS 102, INS 133)",100,375,84.6,2
474,Skittles Wildberry Bite-Size Fruit Flavoured Candy,SKITTLES,CHOCOLATE,CANDY,"Sugar, Liquid Glucose, Edible Vegetable Oil (Palm Oil), Acidity Regulators (INS 330, INS 331(iii)), Stabilizers (INS 1400, INS 1450), Natural, Nature-identical, and Artificial Flavouring Substances (Strawberry, Raspberry, Mixed Berry), Emulsifier (INS 1422), Glazing Agents (INS 903, INS 904), Colours (INS 129, INS 102, INS 170(i), INS 132, INS 133)",100,401,92,0
475,Skittles Original Bite-Size Fruit Candy Tube,SKITTLES,CHOCOLATE,CANDY,"Sugar, Liquid Glucose, Edible Vegetable Oil (Palm Oil), Acidity Regulators (330, 331(iii)), Stabilizers (1400, 1450), Natural, Nature-Identical and Artificial (Orange, Strawberry) Flavouring Substances, Emulsifier (1422), Glazing Agents (903, 904), Colour (102, 129, 170(i), 110, 132, 133)",100,405,92,0
476,Tic Tac Seeds Fennel (Saunf),TIC TAC,CHOCOLATE,CANDY,"Sugar, Fennel Seeds Powder, Maltodextrin, Thickener (INS 414), Rice Starch, Anticaking Agent (INS 470(i)), Natural Flavours, Glazing Agent (INS 903)",100,388,90.2,1
477,Doublemint Peppermint Chewy Mints Tube,DOUBLEMINT,CHOCOLATE,CANDY,"Sugar, Glucose Syrup, Palm Oil, Starch, Triglycerides, Glazing Agent Carnauba Wax, Colour (E133). Contains Permitted Synthetic Food Colours and Added Flavour(s). (Natural, nature identical and artificial (mint) flavoring substances)",100,401,92,0
478,Candyman Tadka Lollipop,CANDYMAN,CHOCOLATE,CANDY,"Sugar, Liquid Glucose, Centre Filling (Seasoning [Maltodextrin, Dextrose, Iodized Salt, Sugar, Mango Juice Powder, Black Salt, Spices and Condiments, Acidity Regulators (INS 296, INS 330, INS 300), Refined Palm Oil, Stabilizer (INS 414), Anticaking Agent (INS 551), Nature Identical Flavouring Substances, Flavour Enhancer (INS 627)]), Acidity Regulators (INS 330, INS 296, INS 331(Iii)), Nature Identical Flavouring Substances, Colours (INS 102, INS 133, INS 122)",100,392,98,0.1
479,Rangmunch Anardana Shots,RANGMUNCH,CHOCOLATE,CANDY,"Sweetened Rose Petal Paste 40%, Added Sugar 21%, Pomegranate Powder 10%, Coriander Seed Powder 10%, Dry Mango Powder 10%, Cumin Seed Powder 5%, Citric Crystals 2% and Edible Salt 2%",100,358,78.2,2.5
480,Tic Tac Seeds Jeera Blacksalt,TIC TAC,CHOCOLATE,CANDY,"Sugar, Maltodextrin, Cumin Seeds Powder (1.8%), Thickener (INS 414), Rice Starch, Black Salt Kala Namak (0.6%), Natural and Natural Identical Flavours, Water, Anticaking Agent (INS 470(iii)), Glazing Agent (INS 903)",100,389,94.1,0.2
481,Rangmunch Mango Masti Premium Mouth Frehsner,RANGMUNCH,CHOCOLATE,CANDY,"Added Sugar, Black Pepper, Cassia, Clove, Cumin Seed Powder, Dried Ripe Mango Pulp, Edible Salt, and Mixed Spices",100,374,84.7,2.5
482,Alpenliebe Gold Caramel Toffee,ALPENLIEBE,CHOCOLATE,TOFFEE,"Sugar, Liquid Glucose, Sweetened Condensed Milk (12.5%), Hydrogenated Vegetable Oil, Milk Fat, Edible Common Salt (Iodised), Dextrose Monohydrate, Cream (Low Fat) (.47%), Acidity Regulators (INS 27, INS 325, INS 5(ii)), Malt Extract, Emulsifier (INS 322), Stabilizer (INS 145), Flavour (Nature-Identical), Antioxidant (INS 37c)",100,412,91,0.7
483,KOPIKO Cappuccino Coffee Candy,KOPIKO,CHOCOLATE,TOFFEE,"Liquid Glucose, Sugar, Edible Vegetable Oil (Palm Olein), Butter (2%), Milk Solids (.8%), Coffee Extract (.5%), Edible Common Salt (Iodised), Emulsifier (Soy Lecithin-322(i)), Natural Food Colours (E15d), Artificial Flavours (Coffee, Milk & VANILLA CAKE).",100,451,85.8,0.8
484,Mentos Chewy Dragees,MENTOS,CHOCOLATE,CANDY,"Sugar, Liquid Glucose, Hydrogenated Vegetable Oil, Starch, Thickeners (INS 414, INS 418), Flavour (Natural, Nature-Identical), Emulsifier (INS 473), Glazing Agent (INS 93)",100,386,92,0.05
485,Alpenliebe Juzt Jelly - Strawberry Flavour,ALPENLIEBE,CHOCOLATE,JELLY,"Sugar, Fruit Pulp (25%), Invert Sugar, Liquid Glucose, Thickener (INS 440), Acidity Regulators (INS 330, INS 331 (iii), INS 296). Contains Permitted Synthetic Food Colour (INS 122) And Added Nature - Identical Flavouring Substances - Strawberry.",100,317,78.3,0.01
486,"Sri Sri Tattva Candy - Amla, Delicious, Healthy & Digestive",SRI SRI TATTVA,CHOCOLATE,CANDY,"Amla (Phyllanthus emblica) Fruit, Glucose, Sugar ",100,,,
487,Alpenliebe Gold Cream Strawberry Flavour Toffee,ALPENLIEBE,CHOCOLATE,TOFFEE,"Sugar, Liquid Glucose, Hydrogenated Vegetable Oil, Acidity Regulators (Ins 27, Ins 325, Ins 5(I)), Sweetened Condensed Milk (1%), Cream (Low Fat) (1.5%), Emulsifier (Ins 322), Edible Common Salt (Lodized), Flavours (Nature-Identical), Strawberry Fruit Powder^ (.3%), Humectant (Ins 422), Colours (Ins 124, Ins 11)",100,422,88,0.12
488,DERBY Tradissions Assorted Toffees,DERBY,CHOCOLATE,TOFFEE,"Sugar, Liquid Glucose, Milk Solids, Hydrogenated Vegetable Fat Powder, Contains Permitted Synthetic Food Colour (INS155) And Added Flavour.",100,375,51.34,4.73
489,Parle Toffee - Kismi,PARLE,CHOCOLATE,TOFFEE,"Sugar, Liquid Glucose, Edible Vegetable Oil, Milk Solids, Salt and Emulsifier (Soya Lecithin), Contains Added Flavour (Artificial Flavouring Substances - Cardamom)",100,418,80.9,2.1
490,Mentos Rainbow Assorted Flavour Chewy Toffee,MENTOS,CHOCOLATE,CANDY,"Strawberry Flavour: Sugar, Liquid Glucose, Hydrogenated Vegetable Oil, Acidity Regulators (INS 33, INS 525), Starch, Strawberry Fruit Powder^ (.24%), Thickeners (INS 414, INS 418), Flavour (Nature-Identical), Emulsifier (INS 473), Glazing Agent (INS 93), Colour (INS 127) ^Corresponding To 2 % Strawberry Fruit Juice, Orange Flavour: Sugar, Liquid Glucose, Hydrogenated Vegetable Oil, Acidity Regulators (INS 33, INS 525), Orange Fruit Powder^ (.37%), Starch, Thickeners (INS 414, INS 418), Flavour (Nature-Identical), Emulsifier (INS 473), Glazing Agent (INS 93), Colour (INS 11) ^Corresponding To 2.2 % Orange Fruit Juice, Mint Flavour: Sugar, Liquid Glucose, Hydrogenated Vegetable Oil, Starch, Thickeners (INS 414, INS 418), Flavour (Natural, Nature-Identical), Emulsifier (INS 473), Glazing Agent (INS 93)",100,386,91.5,0.05
491,"Candyman Toffichoo - Soft Toffee, Strawberry Flavour",CANDYMAN,CHOCOLATE,CANDY,"strawberry flavour,sugar, caramel,chocolate.",100,412,92.5,0.3
492,Mentos Strawberry Flavour Toffee,MENTOS,CHOCOLATE,CANDY,"Sugar, Liquid Glucose, Hydrogenated Vegetable Oil, Acidity Regulators (INS 330, INS 525), Starch, Strawberry Fruit Powder^ (0.24%), Thickeners (INS 414, INS 418), Flavour (Nature-Identical), Emulsifier (INS 473), Glazing Agent (INS 903), Colour (INS 127) Corresponding To 2 % Strawberry Fruit Juice",100,386,91.5,0.05
493,Cadbury Choclairs Gold Candy,CADBURY,CHOCOLATE,CANDY,"Liquid Glucose, Sugar, Hydrogenated Vegetable Oil, Milk Solids, Edible Vegetable Oils (Rice Bran Oil, Palmolein, Palm Kernel Oil), Cocoa Solids (1.4%*), Humectant (422), Emulsifiers (471,442,476), Stabilizer (414), Iodised Salt, Flavours (Natural, Nature Identical and Artificial (Caramel and VANILLA CAKE) Flavouring Substances)",100,448,73.5,3.3
494,Swad Swad Coffee Candy,SWAD,CHOCOLATE,CANDY,"Sugar, Liquid Glucose, Coffee Powder, Milk Solids, Salt, Hydrogenated Vegetable Fat. Contains Permitted Synthetic Food Colour (155) & Added Nature Identical Flavouring Substance (Coffee)",100,390,97.5,0
495,Parle 2 In 1 Eclairs Toffee,PARLE,CHOCOLATE,CANDY,"Sugar, Liquid Glucose, Edible Vegetable Oil (Palm Oil), Milk Solids, Edible Salt, Emulsifier, Contains Added Flavour (Artificial flavouring Substance – Milk & VANILLA CAKE).",100,412,79.1,2.5
496,Mapro Mazaana Chocolate Paan,MAPRO,CHOCOLATE,CANDY,"Gulkand Chocolate, Desiccated Coconut",100,437,54,2
497,Dukes Choco Centre Filled Eclairs - Rich & Creamy,DUKES,CHOCOLATE,CANDY,"Sugar Boiled Confectionery Ingredients: Liquid Glucose, Sugar, Refined Palm Kernel Oil, Centre Filling 12% {Sugar, Refined Palmolein Oil, Cocoa Solids, Milk Solids, Dextrose, Edible Common Salt, And Emulsifier (332)}, Milk Solids, Edible Common Salt An Emulsifier(322). Contains Added Flavour (Artificial Flavouring Substances - VANILLA CAKE) (Numbers In Brackets As Per International Numbering System)",100,438,80.4,3.2
498,"God Speed Imli Toffee - Natural, Sweet & Sour",GOD SPEED,CHOCOLATE,CANDY,"Imli (Tamarindus Indica L), Sugar, Salt, Spices",100,858.94,95.1,0.76
499,Swad Kachha Aam Raw Mango Candy,SWAD,CHOCOLATE,CANDY,"Sugar, Liquid Glucose, Masala, Citric Acid. Contains Permitted Synthetic Food Colour (142) & Added Nature Identical Flavouring Substance (Raw Mango)",100,390,97.5,0
500,Swad Swad Cola Masala Candy,SWAD,CHOCOLATE,CANDY,"Sugar, Liquid Glucose, Masala, Citric Acid. Contains Permitted Synthetic Food Colour (156d) & Added Nature Identical Flavouring Substance (Cola)",100,399,97.5,0
501,Swad Orange With Vitamin C Candy,SWAD,CHOCOLATE,CANDY,"Sugar, Liquid Glucose, Vitamin C Powder, Masala, Citric Acid. Contains Permitted Synthetic Food Colour (110) & Added Nature Identical Flavouring Substance (Orange)",100,390,97.5,0
502,Swad Meetha Pan Paan Candy,SWAD,CHOCOLATE,CANDY,"Sugar, Liquid Glucose, Paan Leaf, Saunf, Kattha, Kesar, Elaichi, Mulethi, Dalchini, Laung, Menthol, Peppermint. Contains Permitted Synthetic Food Colour (124) & Added Nature Identical Flavouring Substance (pan)",100,390,97.5,0
503,Lotte Eclairs Coffy Bite Toffee,LOTTE,CHOCOLATE,CANDY,"Sugar, Liquid Glucose, Choco Center [Sugar, Cocoa Solids, Milk Solids, Hydrogenated Vegetable Fat, Cocoa Butter, Emulsifiers (E322) Contains Added Flavours Nature Identical Flavouring Substances (Vanillin)], Milk Solids, Hydrogenated Vegetable Fat, Coffee Extract, Emulsifiers (E 322, 471) Contains Added Flavours Nature Identical Flavouring Substances",100,436,79,3
504,"Parle Poppins Candy - Fruit Flavoured Rolls, Tangy & Crunchy",PARLE,CHOCOLATE,CANDY,"Sugar, Liquid Glucose, Acidity Regulator, Synthetic Food Colour And Added Flavour. (Artificial Flavouring Substances - Black Currant, Mango, Orange, Pineapple & Raspberry)",100,391,97.8,0
505,Parle Rol.A.Cola Candy,PARLE,CHOCOLATE,CANDY,"Sugar, Liquid Glucose, Permitted Natural Colours",100,391,97.8,0
506,Cocon Jelly - Mixed Fruit Flavour,COCON,CHOCOLATE,JELLY,"Water, Sugar, Nata De Coco (9.8%), Gelling Agent (Carrageenan), Acidity Regulator (Citric Acid), Artificial Flavouring, Colour (Sunset Yellow FCF, Brilliant Blue FCF).",15,10,3,0
507,Alpenliebe Juzt Jelly Soft Candy - Fruity Bears,ALPENLIEBE,CHOCOLATE,CANDY,"Sugar, Fruit Pulp (25%) (Papaya 2.5%, Apple 4%, Strawberry .5%), Invert Sugar, Liquid Glucose, Thickener (INS 44), Acidity Regulators (INS 33, INS 331 (iii), INS 296), Vitamin C (As Ascorbic Acid .4%), Flavour (Nature-Identical), Colours (INS 124, INS 12, INS 133)",100,346,84,0
508,Haribo Goldbaren,HARIBO,CHOCOLATE,CANDY,"Glucose syrup, sugar, gelatine, dextrose, fruit juice from concentrate: apple, strawberry, raspberry, orange, lemon, pineapple, acid: citric acid, fruit concentrates (safflower, spirulina, apple, elderberry, orange, kiwi, lemon, aronia, mango, passion fruit, grape), flavouring, glazing agents: beeswax, carnauba wax",100,343,77,6.1
509,CandyVille Mint Mello Flavoured Candy - Peppermint,CANDYVILLE,CHOCOLATE,CANDY,"Sugar, Liquid Glucose, Acidity Regulator (E330), Artificial Food Colours (E133) And Flavouring Substances (Peppermint)",100,399.13,99.16,0.42
510,DERBY Elaichi Éclair,DERBY,CHOCOLATE,CANDY,"Sugar Boiled Confectionery Ingredients: Sugar. Liquid Glucose, Milk Solids, Hydrogenated Vegetable Fat (Refined Palm Oil), Iodized Salt. Emulsifiers (Ins 322. Ins 471) Center Filling-Cardamom Paste. Nature Identical Flavouring Substances (Cardamom)",100,265,60.5,0.96
511,DERBY Mango Flavoured Sugar Free Candy,DERBY,CHOCOLATE,CANDY,"Isomalt, Acidity Regulators, Permitted Synthetic Food Colors, Acesulfame.",100,399.9,99.9,0
512,CandyVille Froot Fab Flavoured Candy - Strawberry,CANDYVILLE,CHOCOLATE,CANDY,"Sugar, Liquid Glucose, Acidity Regulator (E330), Artificial Food Colours (E129) And Flavouring Substances (Strawberry)",100,393.88,91.88,0.29
513,Simpkins Travel Sweets - Mixed Mint,SIMPKINS,CHOCOLATE,CANDY,"Sugar, Glucose Syrup, Treacle, Menthol, Flavours, Colours: Caramel, E100, E141, E161b.",100,403,98,0
514,CandyVille Froot Fab Flavoured Candy - Blueberry,CANDYVILLE,CHOCOLATE,CANDY,"Sugar, Liquid Glucose, Acidity Regulator (E330), Artificial Food Colours (E127, E132) And Flavouring Substances (Blueberry)",100,393.88,98.18,0.29
515,DERBY Mint Flavoured Sugar Free Candy,DERBY,CHOCOLATE,CANDY,"Isomalt (Ins953), Acidity Regulators (Ins296, Ins330). Contains Permitted Synthetic Food Colour (Ins110)",100,399,99.9,0
516,DERBY Kacha Kairy Flavoured Sugar Free Candy - Crunchy,DERBY,CHOCOLATE,CANDY,"Isomalt, Acidity Regulators, Permitted Synthetic Food Colors, Acesulfame.",100,399,99.9,0
517,Fox'S Crystal Clear Candy - Mint Flavour,FOXS,CHOCOLATE,CANDY,Nutrition per gram/ml: 100g Serving Size: 4.5 g (1 piece) Energy: 388 kcal Total Fat: 0g Saturated Fat: 0g Protein: 0g Total Carbohydrate: 97.0 g Sugars: 75g Sodium: 50 mg,100,388,97,0
518,CandyVille Mint Mello Flavoured Candy - Lime & Mint,CANDYVILLE,CHOCOLATE,CANDY,"Sugar, Liquid Glucose, Acidity Regulator (E330), Menthol Crystals, Artificial Food Colours (E102) And Flavouring Substances (Lime)",100,398.63,98.85,0.56
519,Hart Beat Sweets Love Candy - Strawberry Flavoured,HART BEAT,CHOCOLATE,CANDY,"Sugar, liquid glucose, malic acid, contains permitted synthetic food colour (E-122) and added flavour (strawberry)",100,490,99,0
520,Manimark Kamarkat - Indian Sweet,MANIMARK,CHOCOLATE,CANDY,"Pure Jaggery, Fresh Scraped Coconut, Pure Coconut Oil",100,452.22,79.33,2.63
521,Alpenliebe Juzt Jelly - Orange Flavour Bears,ALPENLIEBE,CHOCOLATE,CANDY,"Sugar, Fruit Pulp (25%) (Papaya 20.5%, Apple 4%, Strawberry 0.5%), Invert Sugar, Liquid Glucose, Thickener (INS 440), Acidity Regulators (INS 330, INS 331 (ii), INS 296), Vitamin C (As Ascorbic Acid, 0.04%), Flavour (Nature-Identical), Colours (INS 110, INS 124).",100,346,86,0.02
522,Alpenliebe Juzt Jelly Gauva Flavour Soft Candy,ALPENLIEBE,CHOCOLATE,CANDY,"Sugar, Fruit Pulp (25%) {Papaya (22%), Guava (3%)}, Invert Sugar, Liquid Glucose, Acidity Regulators {INS 330, INS 331 (Ii), INS 296}, Thickener (INS 440), Flavour (Nature-Identical), Colour (INS 124).",100,323.7,79.3,0.5
523,Hart Beat Sweets Love Candy - Lychee Flavoured,HART BEAT,CHOCOLATE,CANDY,"Sugar, liquid glucose, malic acid, contains permitted synthetic food colour (E-122) and added flavour (artificial flavouring substances-lychee)",100,50.6,50.6,0
524,Simpkins Travel Sweets - Mixed Fruit,SIMPKINS,CHOCOLATE,CANDY,"Sugar, Glucose Syrup, Citric Acid, Flavours, Colours: E163, E160c, E100, E141.",100,403,98,0
525,Fox'S Crystal Clear Candy - Fruit Flavoured,FOXS,CHOCOLATE,CANDY,"Sugar, Liquid Glucose, Acidity Regulator (270), Tea Extract, Lemon Juice, Orange Juice & Colours(100)(i), 160B And 141(i)",100,388,97,0
526,Parle Kaccha Mango Bite Candy,PARLE,CHOCOLATE,TOFFEE,"SUGAR, LIQUID GLUCOSE, ACIDITY REGULATOR [270]. CONTAINS PERMITTED SYNTHETIC FOOD COLOURS (102, 133) AND ADDED FLAVOUR (NATURE IDENTICAL FLAVOURING SUBSTANCES RAW MANGO)",100,386.4,96.6,0
527,Parle Orange Bite Jhatkaa Candy,PARLE,CHOCOLATE,CANDY,"The key ingredients of Parle orange candy are sugar, liquid glucose, food colour and acidulant (296).",100,392,98,0
528,Lotte Coffy Bite Classic,LOTTE,CHOCOLATE,CANDY,"Sugar, Liquid Glucose, Hydrogenated Vegetable Fat, Milk Solids, Butter, Coffee Extract, Humectant, Iodised Salt, Emulsifiers. Contains Added Nature Identical And Artificial Flavouring Substances (Milk And Coffee)",100,436,80,2
529,Jelimals Space Adventure - Assorted Jelly Candy,JELIMALS,CHOCOLATE,CANDY,"Sugar, Liquid Glucose, Gelling Agent, Acidity Regulators, Fruit Powders [Mango, Pineapple, Strawberry, Orange and Green Mango.",100,327,81.5,0.2
530,Parle Bigger Kaccha Mango Bite,PARLE,CHOCOLATE,CANDY,"Sugar, Liquid Glucose, Acidity Regulator, Mango Powder, Synthetic Food Colour And Added Flavour",100,380,95.1,0
531,Tic Tac Orange Hard Candy,TIC TAC,CHOCOLATE,CANDY,"Sugar, Maltodextrin, Permitted Acidulant (INS 33), Rice Starch, Flavours (Natural Flavour and Nature-Identical Flavouring Substances), Thickener (INS 414), Anticaking Agent (INS 47 (i)), Glazing Agent (INS 93)",100,398,96.7,0.1
532,Swad Digestive Candy,SWAD,CHOCOLATE,CANDY,"Kala Namak, Sendha Namak, Nimbu Ka Sar, Kali Mirch, Jeera, Ajwain, Sonth, Piplamul, Lendi Pipal, Sugar Base, Added Flavours, Liquid Glucose",100,206,26,0
533,Alpenliebe Juzt Jelly Cars & Planes Shape Assorted Flavour Soft Candy,ALPENLIEBE,CHOCOLATE,CANDY,"Sugar, Fruit Pulp (25%) (Papaya 2.5%, Apple 4%, Strawberry .5%), Invert Sugar, Liquid Glucose, Acidity Regulators (INS 33, INS 331 (iii), INS 296), Thickener (INS 44), Vitamin C (As Ascorbic Acid, .4%), Flavours (Nature - Identical & Artificial (Watermelon)), Colours (INS 12, INS 124)",100,345,85,0.03
534,"Pulse Litchi Candy - With Tangy Twist, Hard-Boiled",PASS PASS,CHOCOLATE,CANDY,"Sugar, Liquid Glucose, Dextrose, Candy Masala 2% (Edible Common Salt, Spices, Condiments), Acidity Regulators (Ins33, Ins296, Ins331-Iiii)",100,380,95,0
535,Parle Mango Bite,PARLE,CHOCOLATE,CANDY,"SUGAR, LIQUID GLUCOSE, ACIDITY REGULATOR (330) AND MANGO POWDER (1.0%)",100,391,97.8,0
536,Pulse Orange Candy - With Tangy Twist,PASS PASS,CHOCOLATE,CANDY,"Sugar, Liquid Glucose, Dextrose, Candy Masala 2%(Edible Common Salt, Spices, Condiments), Acidity Regulators (Ins33, Ins296, Ins331-Iiii)",100,380,95,0
537,Tic Tac Candy - Red Apple Treat,TIC TAC,CHOCOLATE,CANDY,"Mint, Red Apple Flavour, Sugar, Dextrins - Stabilizers (INS 1400), Rice Starch, Thickener (INS 414), Fructose, Glazing Agent (INS 903)",100,393,97.7,0.1
538,Mentos Chewy Dragees - Orange Flavour,MANTOS,CHOCOLATE,CANDY,"Sugar, Liquid Glucose, Hydrogenated Vegetable Oil, Acidity Regulators (Ins 330, Ins 525), Orange Fruit Powder^ (0.37%), Starch, Thickeners (Ins 414, Ins 418), Flavour (Nature-Identical), Emulsifier (Ins 473), Glazing Agent (Ins 903), Colour (Ins 110)",100,386,91.5,0.05
539,"DERBY Darling Velvetto Candy - Soft, Sour, Chewy",DERBY,CHOCOLATE,CANDY,"Sugar, Liquid Glucose, Acidity Regulators (Ins-296, Ins-330) Contains Permitted Synthetic Food Colour",100,396.72,99.1,0
540,Parle Bigger Orange Bite Candy,PARLE,CHOCOLATE,CANDY,"Sugar, Liquid Glucose, Orange Powder (1.5%), Acidity Regulator (33), Contains Permitted Synthetic Food Colour (11) and Added Flavour (Artificial Flavouring Substances, Orange)",100,385,96.3,0
541,Chupa Chups Mix'up Flavoured Lollipop,CHUPA CHUPS,CHOCOLATE,CANDY,"Sugar', 'Liquid Glucose', 'Acidity Regulators (INS 27, INS 296, INS 33)', 'Fruit Powders (Pineapple, Watermelon, Orange, Mango)', 'Flavours (Artificial and Nature-Identical)', 'Humectant (INS 422)', 'Colours (INS 12, INS 124, INS 133, INS 11)', 'Vitamin C (as Ascorbic Acid)'",100,385.7,95,0
542,Pulse Guava Candy - With Tangy Twist,PASS PASS,CHOCOLATE,CANDY,"Sugar, Liquid Glucose, Dextrose, Mixed Masala (4%), Acidity Regulators (INS 33, INS 296, INS 331-iii), Artificial Flavouring Substances (Guava Flavour), Colour (INS 129)",100,380,95,0
543,Coco Cado Jelly - Assorted,COCO CADO,CHOCOLATE,CANDY,"Water, Nata De Coco, Sugar, Fruit Juice (Lychee, Mango, Strawberry), Carrageenan, Citric Acid Flavour (Lychee, Mango, Strawberry), Colouring (E102, E110, E122), Sorbic Acid & Malic Acid",85,557,14,0
544,Chupa Chups Assorted Bubble Gum Filled Lollipop,CHUPA CHUPS,CHOCOLATE,CANDY,"Sugar, Liquid Glucose, Acidity Regulators (INS 33, INS 27, INS 296), Flavour (Nature-Identical), Colour (INS 122), Gum Base, Humectant (INS 422), Dextrose, Flavour (Artificial (Tutti Frutti)), Dehydrated Fruits Powder {Strawberry, Watermelon, Cherry}, Emulsifier (INS 322), Antioxidant (INS 321), Apple Juice, Flavour (Artificial (Cherry))",100,361,89,0
545,DERBY Vitacin Orange Flavoured Candy,DERBY,CHOCOLATE,CANDY,"Sugar, Liquid Glucose, Acidity Regulator(Ins-296,Ins-330,Ins-300)Orange Powder (3.5%).Contains Permitted Synthetic Food Colour (Ins110) & Added Flavour ( Nature Identical Flavouring Substance- Orange)",20,80,19.6,0.1
546,GO DESi Chilli Orange Desi Popz Lollipop Candy,GO DESI,CHOCOLATE,CANDY,"Jaggery, Orange Powder, Orange Bits, Raisins, Tapioca Strach, Raw Mango Powder, Acacia Gum (INS 414), Citric Acid (INS 33), Edible Salt, Refined Sunflower Oil, Chilli Powder, Wheat Fibre",100,351.3,84.4,0.6
547,Boomer Strawberry Flavoured Chewing Gum,BOOMER,CHOCOLATE,CHEWING GUM,"Powdered Sugar, Base Gum, Glucose Syrup, Soybean lecithin, Stabilizer Dextrin, Humectant Glycerine, Dextrose, with added Strawberry Flavour",100,320,76,0
548,Townbus Cornflakes Mixture - Namkeen,TOWNBUS,SNACKS,NAMKEEN,"Corn flakes, Edible Vegetable oil, Peanuts, Dry grapes, Cashew Nuts, red chilly Powder, Sugar, Asafoetida",100,533,55,5.32
549,Townbus Khara Boondi,TOWNBUS,SNACKS,NAMKEEN,"Bengal Gram Flour (59%), Refined Palmolein Oil, Rice Flour, Peanuts, Salt, Red Chilli Powder, Cashew Nuts, Curry Leaves, Cumin, Black Pepper, Ajowan & Asafoetida.",100,462,41.4,14.1
550,Tasties Origins Shankarpali Sweet,TASTIES ORIGINS,SNACKS,SNACKS,"Refined wheat flour (Maida), Edible vegetable oil (Palmolein), Sugar, Hydrogenated vegetable fat, Raising agent (E 500(iii)), lodised salt and Cardamom.",100,560.1,59.93,5.39
551,bb Gooddiet Multigrain PUFFS - Chilli Chataka,BB GOODDIET,SNACKS,PUFFSS,"Multigrain flour (71%) (Corn grit, Rice flour), Edible vegetable oil (Refined sunflower oil), Seasoning (Edible common salt, Sugar, Spices & condiments (Chilli, Fennel, Aniseed, Fenugreek, Coriander, Cumin, Pepper), Mango powder, Acidity regulator (INS 330), Garlic, Onion, Anticaking agent (INS 551), Dehydrated herb, Flavour enhancers (INS 627, INS 631) and Antioxidant (INS 300)) & Edible common salt.",100,446.27,66.84,7.4
552,bb Gooddiet Multigrain Puffs - Butter Makhana,BB GOODDIET,SNACKS,PUFFS,"Multi-Grain Flour (71%) (oats Flour, Bajra Flour, Jowar Flour, Corn Grit, Rice Flour, Bengal Gram Flour), Edible Vegetable Oil (sunflower Oil), Seasoning (sugar, Edible Common Salt, Garlic, Onion Powder, Spice & Condiments (ginger, Cumin, Chilli), Dehydrated Herb, Flavour Enhancer (ins 627 , Ins 631) And Anticaking Agent) & Edible Common Salt. Alergen Declaration: Contains Milk Solid. Packed In A Facility Which Handles Wheat, Soya & Nuts. Contains Added Flavours. (Nature Identical Flavouring Substances (butter)).",100,461.57,65.94,8.12
553,Tasties Origins Chegodi,TASTIES ORIGINS,SNACKS,NAMKEEN,"Refined Wheat Flour (Maida) (51%), Rice Flour, Refined Palmolein Oil, Salt, Red Chilli Powder, Black Pepper, Ajwain, Cumin, Sesame, Asafoetida.",100,487,60,10
554,Townbus Ribbon Pakoda,TOWNBUS,SNACKS,NAMKEEN,"Rice flour (58%), Bengal Gram flour (2%), Edible Vegetable oil, Butter, Salt, Red Chilli powder and Asafoetida",27,160,14,3
555,Tasties Origins Bakarwadi,TASTIES ORIGINS,SNACKS,NAMKEEN,"Refined Wheat Flour (Maida), Bengal Gram Flour (Besan), Refined Vegetable Oil (Palm olein), Sugar, Salt, Spices (Dry Mango Powder, Ginger Powder, Coriander Powder, Red Chilli Powder, Aniseed, Cumin, Cassia Leaf, Black Pepper, Cassia Bark, Clove, Black Cardamom, Star Anise, Turmeric), Tamarind, Green Chilli, Sesame Seed, Asafoetida.",100,466,48.07,9.7
556,Haldiram's Chana Jor Garam,HALDIRAMS,SNACKS,NAMKEEN,"Whole Bengal Gram Flakes, Refined Palmolein Oil, Cumin, Iodised Salt, Black Salt, Red Chilli, Refined Sugar, Acidity Regulator (INS 33), Dried Ginger Powder, Turmeric",100,517,50.53,15.1
557,Tasties Origins Gujarati Besan Papdi,TASTIES ORIGINS,SNACKS,NAMKEEN,"Gram Dal Flour, Edible Vegetable Oil (Palmolein Oil), Iodised Salt And Ajwain.",100,3.3,37.8,12.8
558,Tasties Origins Ompudi Nylon Sev,TASTIES ORIGINS,SNACKS,NAMKEEN,"Gram Flour, Vegetable Oil (Palmolein Oil), Rice flour, Turmeric powder, Salt, Omam, Asafoetida & Curry leaves.",100,600,40.6,11.3
559,Mama Nourish Crunchy Sabudana Farali Chivda,MAMA NOURISH,SNACKS,NAMKEEN,"Nylon Sabudana (Tapioca Pearls), Roasted Peanuts, Fried Potato Slivers, Groundnut Oil, Himalayan Pink Salt, Sendha Namak, Cumin Seeds, Condiments, Seasoning & Sugar",30,153,16.5,1.2
560,Slurrp Farm Cheese & Herbs Puff,SLURRP FARM,SNACKS,PUFFS,"Millets (Whole Grain Jowar, Whole Grain Ragi), Rice Flour, Sunflower oil, Milk powder, Seasoning (Onion powder, Garlic powder, Cheese powder (1%), Parsley), Corn starch, Sugar, Salt, Citric Acid, Yeast extract, Natural anti-oxidant.",100,479.2,67.8,6.35
561,Doritos Dinamita Fiery Lime & Chilli Flavour Namkeen,DORITOS,SNACKS,CHIPS,"Corn (77%), Edible Vegetable Oil (Palmolein Oil), *Seasoning (Maltodextrin, lodised Salt), Flavour (Natural & Nature Identical Flavouring Substances), ""Spices & Condiments, Hydrolysed Vegetable Protein, Colour (162), Sugar, Flavour Enhancers (627,631), Anticaking Agent(551), Milk Solids, Dextrin & Edible Vegetable Oil (Palm & Sunflower Oil), Color (124)",100,511,63,6.8
562,A-1 Chips Jack Fruit Chips,A1 CHIPS,SNACKS,CHIPS,"Jack Fruit, Salt, Coconut Oil",100,191,12,2
563,Tong Garden Party Snack,TONG GARDEN,SNACKS,NAMKEEN,"Green Peas, Peanuts, Wheat Flour, Broad Beans, Palm Olein, Glutinous Rice Flour, Sugar, Iodised Salt, Seasoning",30,150,15,6
564,Bingo! No Rulz Cheese Curlz,BINGO,SNACKS,CRISPS,"Degermed Corn Grits and Seasoning {Refined Palmolein, Sugar, Iodized Salt, Milk Solids, Onion Powder, #Spices and Condiments, Cheese Powder (0.4%), Nature Identical Flavouring Substances, Refined Wheat Flour (Maida), Natural Flavours and Natural Flavouring Substances, Garlic Powder and Flavour Enhancer (INS 508)}.",100,496,64.4,6.4
565,Slurrp Farm Choco Ragi Puffs,SLURRP FARM,SNACKS,PUFFS,"Millets (Whole Grain Jowar, Whole Grain Ragi), Sugar, Whole Grain Corn, Rice flour, Cocoa powder, Natural flavours (contains milk powder), Sunflower oil",100,328,83.9,7.3
566,Taali Cheese & Herbs Protein Puffs,TAALI,SNACKS,PUFFS,"Taali Protein Puff Blend (Jowar, Chickpeas, Urad Daal, Rice, Soy Protein Isolate), Cheese Seasoning (Corn Starch, Iodised Salt, Sugar, Milk Solids, Spices & Condiments (Onion, Garlic, Parsley, Oregano), Cheese Powder, Yeast Extract Powder, Acidity Regulator (INS 27), Edible Vegetable Oil)",100,509,73,16
567,Balaji Namkeen Tikha Mitha Mix,BALAJI,SNACKS,NAMKEEN,"Edible Vegetable Oil, Gram Flour, Green Peas, Rice Flakes, Roasted Peanuts, Sugar, Green Gram, Corn Flakes, Rice Flour, Chilli Powder",100,574,47,15
568,Bikaji Falahari Mix,BIKAJI,SNACKS,NAMKEEN,"Potato Sticks, Edible Vegetable Oil, Peanut, Raisins, Poppy Seeds, Curry Leaves, Sugar Powder, Chilli Powder, Edible Rock Salt, Acidity Regulator, Black Pepper Powder",100,554,29,20
569,bb Gooddiet Roasted Peanuts - Cheese 'N' Onion,BB GOODDIET,SNACKS,NAMKEEN,"Peanuts (85%), Seasoning Mix (Sugar, Edible Common Salt, Milk Solids, Cheese Powder (0.4%), Spices and Condiments (Onion, Parsley), Hydrolyzed Vegetable Protein (Soya), Acidifying Agent (E270)), Palmolein Oil & Antioxidant (E306).",100,609.25,20.4,26.05
570,bb Gooddiet Mini Nippattu/ Mathri,BB GOODDIET,SNACKS,NAMKEEN,"Kodo Millet, Rice Flour, Fried Gram, Maida, Groundnut, Sunflower Oil, Red Chilli Powder, Green Chillies, Sesame, Curry Leaves, Salt, Ghee, Coriander Leaves",100,344.63,40.4,5.09
571,bb Gooddiet Crackers - Rock Salt & Pepper,BB GOODDIET,SNACKS,CRACKER,"Almond Flour, Oats Flour, Black Pepper Powder/Flakes (3.82%), Edible Vegetable Oil (Olive Oil), Edible Common Salt, Onion Powder, Garlic Powder, Raising Agent (INS 500(Ii)) And Rock Salt (0.32%)",100,299,69,9
572,bb Gooddiet Biscotti - Double Dark Chocolate,BB GOODDIET,SNACKS,BISCUIT,"Almond Flour, Oats Flour, Honey (15%), Pistachio (3.8%), Cocoa Solids (7.7%), Raising Agent (INS 500(Ii), Cinnamon Powder & Edible Common Salt.",100,522,61,13
573,Eat Better Co Millet Namkeen Mango Achari,EAT BETTER CO,SNACKS,NAMKEEN,"Millets (Jowar Crisps & Ragi Crisps), Peanuts, Rice Crisps, Sunflower Oil, Mango Achari Seasoning",100,455.6,62.5,15
574,Balaji Masala Masti Chips,BALAJI,SNACKS,CHIPS,"Potato, Vegetable Oil, Sugar, Spices, Condiments (Chili Powder, Dry Mango Powder, Black Pepper, Clove, Salt And Black Salt)",100,539,56.9,7.4
575,Balaji Namkeen - Masala Sev Murmura,BALAJI,SNACKS,MURMURA,"Puffed Rice (45%), Chickpea Flour (25%), Edible Vegetable Oil (Palmolein, Rice Bran), Spices & Condiments 4% (Chilli, Black Pepper, Curry Leaves, Oregano, Asafoetida, Cumin, Ginger), Dehydrated Vegetable Powder (Garlic, Tamarind, Onion), Rice Flour, Edible Common Salt, Black Salt, Sugar, Hydrolysed Vegetable Protein (Soya), Natural & Nature Identical Flavouring",100,571,74.2,10.8
576,Balaji Chataka Pataka - Masala Masti,BALAJI,SNACKS,NAMKEEN,"Rice Meal, Edible Vegetable Oil, Corn Meal, Chickpea Flour, Edible Common Salt, Spices & Condiments, Sugar, Acidity Regulator, Anticaking Agent, Flavour Enhancer",100,514,63.3,7
577,Balaji Masala Shing Namkeen,BALAJI,SNACKS,NAMKEEN,"Roasted Peanuts, Edible Vegetable Oil, Spices & Condiments 2% (Chilli, Black Pepper, Cumin, Dry Mango, Cinnamon, Aniseed, Clove, Coriander, Asafoetida), Sugar, Black Salt",100,699,13.2,23.2
578,Balaji Namkeen - Farali Chevdo,BALAJI,SNACKS,NAMKEEN,"Potato, Roasted Peanuts, Edible Vegetable Oil, Sugar, Iodised Salt, Chilli Powder, Coriander Powder",100,589,40.9,15.2
579,Balaji Simply Salted Wafers,BALAJI,SNACKS,WAFER,"Potato, Edible Vegetable Oil, Iodised Salt",100,559,53.8,6.4
580,Pringles Potato Chips Original Flavour - Classic Salted,PRINGLES,SNACKS,POTATOCHIPS,"Dried Potato (44%), Edible Vegetable Oil (Palm Oil), Corn Flour, Starch, Emulsifier (INS 471), Maltodextrin, Salt, Acidity Regulator (INS 330) Contains wheat",100,523,62.8,5
581,Pringles Potato Chips Desi Masala Tadka Flavour,PRINGLES,SNACKS,POTATOCHIPS,"Dried Potato (42%), Edible Vegetable Oil (Palm Oil), Corn Flour, Starch, Desi Masala Tadka Flavour Seasoning (5%) [Salt, Maltodextrin, Vegetable Powders (Onion Powder (6%), Garlic Powder (2.7%), Tomato Powder (1%)), Sugar, Spices (Black Pepper Powder, Ginger Powder, Turmeric Powder}, Flavouring Substances (Nature Identical), Acidity Regulators (INS 330, 296, 334), Anticaking Agent (INS 551). Stabiliser {INS 341 (iii)}, Preservative {INS 2620)}, Flavour Enhancers (INS 627, 631), Paprika Extract (0.3%),Emulsifier (INS 414)), Emulsifier (INS 471), Maltodextrin, Aciditi Regrulator (INS 330)",100,518,61.2,4.7
582,Pringles Potato Chips Pizza Flavour,PRINGLES,SNACKS,POTATOCHIPS,"Dried Potato (42%), Edible Vegetable Oil (Palm Oil), Corn Flour, Starch, Pizza Flavour Seasoning (5.5%) [Salt, Cheese Blend (10%) {Cheese Powder, Whey Powder, Buttermilk Powder, Sweet Cream, Salt, Lactic Acid (INS 270)), Dextrose, Dried Vegetable Powders (6%) {Tomato Powder (2%), Onion Powder, Garlic Powder}, Sugar, Dried Fat Emulsion (Coconut Oil), Flavouring Substances (Artificial (Cheese & Smoke)), Maltodextrin, Herbs & Spices {Basil, Oregano, Fennel, Black Pepper}, Yeast Extract, Whey Powder, Acidity Regulators INS 296 330), Flavour Enhancer (INS 635), Anticaking Agent (INS 551)], Emulsifier (INS 471), Maltodextrin, Acidity Regulator (INS 330)",100,514,61.1,5.7
583,Pringles Potato Chips Tangy Tomato Twist,PRINGLES,SNACKS,POTATOCHIPS,"Dried Potato (45%), Edible Vegetable Oil (Palm Oil). Corn Flour Starch, Tangy Tomato Twist Season (5.5%) [Sugar, Salt, Vegetable Powder (17%)(Tomato (6%). Onion (6%). 61 Spices & Herb (Cayenne, Corian(2%), Fennel), Black Rock Salt. Acidity Regulators (INS 330, 296), Anticaking Agent (INS 551), Flavour Enhancers (MSS 631), Stabilizer (INS 341(ii)l, Flavour Substance (Nature Identical), Edible Vegetable Oil (Coconut Oil, Palm Oil), Emulsifier (INS 414), Paprika, Emulsifier, Maltodextrin, Regulator (INS 330)",100,510,63.4,4.7
584,Pringles Potato Chips Peri Peri Flavour,PRINGLES,SNACKS,POTATOCHIPS,"Dried Potato (41 %), Edible Vegetable Oil (Palm Oil), Corn Flour, Starch, Peri Peri Seasoning (6.5%) [Maltodextrin, Salt, Sugar, Flavouring Substances (Natural & Nature Identical), Vegetable Powder (5%) (Garlic), Vinegar, Spices {Red Chilli Pepper, Cumin}, Acidity Regulator (INS 296), Flavour Enhancer (INS 635), Anticaking Agents {INS 341 (iii), 551), Spice Extracts (Green Chilli, Garlic, Paprika), Herb Extract (Oregano)], Emulsifier (INS 471), Maltodextrin, Acidity Regulator (INS 330) Contains Wheat, Soy and Milk",100,522,61.5,5.2
585,Pringles Imported Potato Chips - Ranch,PRINGLES,SNACKS,POTATOCHIPS,"Dried Potatoes, Vegetable Oil (Corn, Cottonseed, High Oleic Soyabean And/or Sunflower Oil), Degerminated Yellow Corn Flour, Cornstarch, Rice Flour, Maltodextrin, Mono And Diglycerides, Salt, Whey, Msg, Coconut Oil, Natural And Artificial Flavours, Garlic Powder, Onion Powder, Buttermilk, Cultured Nonfat Milk, Sour Cream, Citric Acid, Spices, Lactic Acid, Malic Acid, Sugar, Acetic Acid, Apple Cider",28,150,16,1
586,Pringles Imported Potato Crisps - BBQ,PRINGLES,SNACKS,POTATOCHIPS,"Dried Potatoes, Vegetable Oil (Corn, Cottonseed, Soybean, And/Or Sunflower Oil), Degerminated Yellow Corn, High Oleic Cornstarch, Rice Flour, Maltodextrin, Sugar, Mono- And Diglycerides, Citric Acid, Onion Powder, Spice, Garlic Powder, Yeast Extract, Salt, Tomato Powder, Monosodium Glutamate, Hydrolyzed Corn Protein, Malted Barley Flour, Malic Acid, flavours, Whey, Wheat Starch, Inosinate, Disodium Guanylate, Paprika Extract Colour, Natural Flavours, Contains Milk And Wheat Ingredients",28,150,16,1
587,Britannia 50-50 Timepass Classic Salted Biscuit,BRITANNIA,BISCUIT,BISCUIT,"Refined Wheat Flour (Maida), Refined Palmolein and Palm Oil, Sugar, Raising Agents, Iodised Salt, Invert Sugar Syrup, Milk Solids, Yeast, Emulsifiers, Artificial (Milk & Butter) Flavouring Substances, Dough Conditioner and Improvers",100,501,67.6,8.6
588,Cadbury Oreo Original Chocolatey Sandwich Biscuits,CADBURY,BISCUIT,CREAM BISCUIT,"Refined Wheat Flour (Maida), Sugar, Fractionated Fat, Palmolein, Invert Sugar, Cocoa Solids (2%*), Leavening Agents [500(ii), 503(ii)], Starch, lodised Salt, Emulsifier (322), Nature Identical Flavouring Substances. Allergen Information: Contains Wheat, Sulphite, Soy. May Contain Milk and Barley.",100,483,71.8,52
589,Sunfeast Bounce Biscuits - Pineapple Creme Cookies,SUNFEAST,BISCUIT,CREAM BISCUIT,"Wheat Flour, Sugar, Edible Vegetable Oil, Invert Syrup, Raising Agents (INS503(Ii), Baking Powder), Dextrose, Starch, Edible Common Salt, Emulsifier (INS322), Milk Solids, Acidity Regulators (INS330, INS296)‚ And Dough Conditioner (INS223)",100,476,73.5,6.5
590,Bisk Farm Googly Biscuits,BISK FARM,BISCUIT,BISCUIT,"Refined Wheat Flour (Maida) (61.11%), Sugar (20.18%), Edible Vegetable Oil (Palm, Palmolein), Milk Solids, Edible Starch (Corn), Cumin Black (Kalonji) (0.73%), Coriander (Dhania), Chilli Powder (Lal Mirchi), Dried Mango Powder, Salt, Acidity Regulator (330), Raising Agents [500(I), 503)]. Emulsifiers [322, 414, 472(E)],",100,460.11,68.3,6.23
591,Bisk Farm Top Biscuits - Butter Munch,BISK FARM,BISCUIT,BISCUIT,"Refined Wheat Flour, Edible Vegetable Oil, Sugar, Invert Syrup, Liquid Glucose, Milk Solids, Butter, Salt, Citric Acid, Leavening Agents, Emulsifier, Dough Conditioner, Dispersing Agents, Flour Treatment Agent, Antioxidants",100,479.45,54.14,6.88
592,Bisk Farm Biscuits - English Cracker,BISK FARM,BISCUIT,CRACKER,"Refined Wheat Flour (Maida), Refined Edible Vegetable Oil (Palm), Hydrogenated Vegetable Oils, Sugar, Butter, Milk Solids, Salt, Malt Extract, Edible Starches, Yeast, Dextrose",100,467.5,70.03,8.92
593,Bournvita Biscuits,BOUENVITA,BISCUIT,BISCUIT,"Refined Wheat Flour (Maida) (56%), Sugar, Palmolein oil, Cereal Based Beverage Mix 5% [Cereal Extract (Barley, Millets, Wheat), Sugar, Cocoa Solids, Maltodextrin, Colour (15c), Minerals, Wheat Gluten, Liquid Glucose, Emulsifiers (322, 471), Milk Solids, Vitamins, Raising Agent (5(ii))], Flavours (Natural, Nature Identical and Artificial (VANILLA CAKE) Flavouring",100,456,72.8,7.1
594,Priyagold Marie Lite,PRIYAGOLD,BISCUIT,BISCUIT,"Wheat Flour, Sugar, Edible Vegtable Oil (Palm Oil), Milk Solids, Permitted Emulsifires [Soyalecithin (E322), Mono & Digycerides Of Vegitable Origin [Palm (E471)], Sodium Stearoyl Lactylate (E481)], Liquid Glucose, Iodised Salt, Leavening Agent[Amonium Bicarbonate (E503(Ii), Sodium Bicrbonate (E500)(Ii)]Gough Conditioner [Sodium Metabisulphite (E223)]And Improver [Protease(1101(I)], Anti Oxidant [Tertiary Butyl Hydroquinone (E319)]Contains Added Artificail Flavour -Butter & Milk.",100,450,74,9
595,bb Popular Bakery Biscuit - Ajwain,BB POPULAR,BISCUIT,BISCUIT,"Refined Wheat Flour(Maida), Hydrogenated Vegetable Oils, Sugar, Invert Syrup, Skimmed Milk Powder, Custard Powder, Iodised Salt, Ajwain (0.65%), Raising Agents [INS 500(i) & INS 500(ii)] Contains Added Flavor (Artificial Flavoring Substance - Ajwain)",100,522.32,65.5,7.57
596,bb Popular Bakery Biscuit - Tooti Fruity,BB POPULAR,BISCUIT,BISCUIT,"Refined Wheat Flour(maida), Hydrogenated Vegetable Oils, Sugar, Candied Papata-8.5% [papaya Fruit Cubes, Sugar Syrup, Acidity Regulator (ins-330, Ins-207) Preservatives (ins-202) Permitted Synthetic Food Colours-ins129, Ins102, Ins 110, Ins 133], Skimmed Milk Powder, Iodised Salt, Invert Syrup, Raising Agents [ins 500(i) & Ins 500(ii)] Contains Added Flavor (artificial Flavoring Substance - Mix Fruit Jam) (pistachio)",100,386.2,49.8,5.8
597,bb Popular Traditional Jeera Bakery Biscuits,BB POPULAR,BISCUIT,BISCUIT,"Refined Wheat Flour (Maida), Hydrogenated Vegetable Oils, Sugar, Invert Syrup, Skimmed Milk Powder, Custard Powder, Iodised Salt, Jeera (0.9%), Raising Agents [Ins 500(I) & Ins 500 (Ii)] Contains Added Flavour (Artificial Flavoring Substances (Jeera)",100,526.85,64.06,6.61
598,Lal Sweets Motichoor Laddu,LAL SWEETS,SWEETS,LADDU,"Desi Ghee, Bengal Gram Flour, Sugar",100,383,62,1
599,Kaju Katli Classic,CLASSIC,SWEETS,KAJU KATLI,"Cashew Nuts (52%), Refined Sugar, Invert sugar, and Silver leaves",100,466.72,67.21,11.94
600,Dry Fruit Barfi,GO DESI,SWEETS,BURFI,"Almonds (10%), Anjeer (6.5%), Cashew Nuts (9.5%), Date Paste (67%), Ghee, Raagi Crisps, and Rosemary Extract",100,450.51,66.71,9.4
601,Grb Elachi Soancake,GRB,SWEETS,SOANCAKE,"Sugar, Bengal gram flour, Refined Wheat Flour, Refined Palmolein Oil, Vegetable Fat (Interesterified), Liquid Glucose, Cardamom, Nature Identical Rose Flavour, Almond and Pistachio",100,526.4,68.3,4.8
602,MTR Mysore Pak,MTR,SWEETS,MYSORE PAK,"Sugar, Refined Sunflower Oil, RO Water, Besan (12%), Interestified vegetable fat, Ghee, Refined wheat flour (Maida) & Turmeric powder",100,523,43,3
603,Haldiram's Soan Papdi,HALDIRAMS,SWEETS,SOANCAKE,"Almond, Bengal Gram Flour (Besan), Cardamom, Hydrogenated Vegetable Oil (Vanaspati), Liquid Glucose, Pistachio, Refined Palmolein Oil, Refined Wheat Flour (Maida), and Sugar",100,490,65.33,5.33
604,Gits Mini Rasgulla Tin,GITS,SWEETS,RASGULLA,"Sugar, Water, Milk Solids (12%)",100,231,48,3
605,Pista Coconut Barfi,GO DESI,SWEETS,BURFI,"Jaggery, Desiccated Coconut, Coconut Milk Powder, Pista, FOS, Liquid Glucose, Cardamom, Ghee, Rosemary Extract",100,392.7,72.72,5.52
606,Coconut Laddu,GO DESI,SWEETS,LADDU,"Coconut Powder (52%), Jaggery (35%), Preservatives (INS 202, INS 211)",100,424.45,75.86,5.66
607,Nandini Milk Peda,NANDINI,SWEETS,PEDA,"Milk Solids, Refined Sugar",100,455,55,13.7
608,Besan Laddoo,GO DESI,SWEETS,LADDU,"Refined Sugar, Gram Flour (Besan) (36%), Clarified Butter (Ghee) (18%), Almonds, Rava, Acacia Gum (INS 414), and Cardamom",100,471.83,63.14,8.96
609,Sweet Karam Coffee Peanut Chikki Bites,SWEET KARAM COFFEE,SWEETS,CHIKKI,"Peanut, Jaggery, Cardamom, Dry Ginger",100,539,46,21.3
610,MTR Gulab Jamun,MTR,SWEETS,GULAB JAMUN,"Sugar, Milk Solids (27%), Water, Palmolein Refined Wheat Flour (Maida), Corn Flour, Raising int (Sodium Bicarbonate), Green Cardamom, Mace",55,156,27.7,1.4
611,Sweet Karam Coffee Jaggery Coconut Burfi,SWEET KARAM COFFEE,SWEETS,BURFI,"Coconut, Jaggery, Brown Sugar, Ghee, Cardamom Powder",100,393,55.3,1.3
612,Sweet Karam Coffee White Sugar Free Ragi Laddu,SWEET KARAM COFFEE,SWEETS,LADDU,"Almonds, Cashews, Finger Millet, Ghee, Jaggery, and Roasted Gram Dal",100,373,78.8,7.2
613,Lal Sweets Kala Jamun,LAL SWEETS,SWEETS,KALA JAMUN,"Cardamom Powder, Clarified Butter (Desi Ghee), Milk Solids (17.9%), Refined Wheat Flour (Maida), Sugar (44.7%), and Water (30.7%)",50,168,31,2
614,Daadi's Badam Laddoo Pure Ghee,DAADIS,SWEETS,LADDU,"Sugar, Wheat Flour, Bengal Gram Flour, Ghee, White Lentil Flour, Almond, and and Ginger Powder",100,485.2,71.98,7.1
615,Go Desi Milk Malai Peda,GO DESI,SWEETS,PEDA,"Milk Solids (Khoa) (60%), Refined Sugar, and Preservative (INS 211)",100,432.44,74.29,12.85
616,Nandini Dharwad Peda,NANDINI,SWEETS,PEDA,"Milk Solids , Sugar",100,459,59,10.8
617,Grb Orange Soanpapdi,GRB,SWEETS,SOANCAKE,"Sugar, Bengal gram flour, Refined Wheat Flour, Refined Palmolein Oil, Hydrogenated Vegetable Oil (Vanaspati), Liquid Glucose, Natural & Nature Identical Orange Flavour, Almond, Pistachio & Synthetic Food Colours (INS 110 & 122)",100,526.4,68.3,4.8
618,Lal Mango Burfi,LAL SWEETS,SWEETS,BURFI,"Sugar, Edible Vegetable Oil (Palmolein), Mango Pulp (18%), Milk Solids, Bengal Gram Flour (Besan), Cardamom, Acidity Regulator (INS 330)",100,513.7,43.5,4.6
619,Haldiram's Badam Halwa,HALDIRAMS,SWEETS,HALWA,"Sugar, Corn Starch, Refined Palmolein Oil, Almonds, Cashew Nuts, Cardamom & Acidity Regulator (E 330), Contains Permitted Synthetic Food Colours [Sunset Yellow (E 110), Tartrazine (E 102) & Brilliant Blue (E 133)] And Added Artificial Flavouring Substances (Orange & Pistachio), Contains Cashew & Almond.",100,470,78.8,5.2
620,fresho! Signature Turkish Baklava,FRESHO SIGNATURE,SWEETS,BAKLAVA,"Refined wheat flour (Maida), Kunafa (Wheat flour (Atta), Starch, Iodised salt, Emulsifier (INS 322 (i)), Edible vegetable oil (Refined sunflower oil), Preservative (INS 202)), Sugar, Corn flour, Pista (16.25%), Cashew (16.22%), Almond (16.51%), Mixed dried fruits (12.89%) (Almond, Pista, Cashew), Milk solids (Ghee), Baklava mixture (Sugar, Iodised salt, Emulsifier (INS 481 (i)), Raising agent (INS 500 (ii)), Preservatives (INS 282, INS 202)), Humectant (INS 422), Honey, Liquid glucose.",100,439.5,65.66,7.74
621,Amul Rasmalai,AMUL,SWEETS,RASMALAI,"Rabdi (milk solids, sugar), chhana (milk, lactic acid) (24%), pistachio (0.4%), nature identical flavouring substances.",100,181,17,7.2
622,Amul Khoa,AMUL,SWEETS,KHOA,Milk Solids,100,346,23,14
623,Mithai Remix Mango Truffle Peda,MITHAI REMIX,SWEETS,PEDA,"Full cream milk, Ghee, Sjar, Cardamom and Khoya.",100,743,45.3,11
624,Lal Signature Horlicks Burfi,LAL ,SWEETS,BURFI,"Sugar, Edible Vegetable Oil (Palmolein), Bengal Gram Flour (Besan), Horlicks Malt (Barley, Wheat Flour (Atta), Wheat, Millet), Milk Solids, Wheat Gluten, Edible Iodised Salt, Soy Protein Isolate, Acidity Regulators (INS 51(ii), 5 (ii)) and Almond",100,490,54.3,7
625,Lal Signature Milk Cake,LAL,SWEETS,PEDA,"Sugar, Milk Solids, Edible Vegetable Oil (Palmolein), Acidity Regulator - INS 334",100,423,62,10
626,Chitale Bandhu Mawa Modak,CHITALE BANDHU,SWEETS,MODAK,"Khoa, Sweetened Khoa (Khoa, Refined Sugar), Refi.d Sugar, Nutmeg Powder, Cardamom Powder, Preservative (INS 202), Natural Colour [INS 160]",100,474,47,15
627,Bansiwala Paan Petha,BANSIWALA,SWEETS,PETHA,"Sugar, Ash Gourd (Pumpkin), Contains Permitted Synthetic Colour & Added Natural Flavouring Substance (Kewra Water)",100,227,68.15,0.33
628,Bansiwala Angoori Petha,BANSIWALA,SWEETS,PETHA,"Sugar, Ash Gourd (Pumpkin)",100,227,68.15,0.33
629,Nandini Millet Laddu,NANDINI,SWEETS,LADDU,"Milk Solids (Ghee, Dairy Whitener), Sugar, Pear Millet (15%), Finger Millet Flour (15%), Sorghum (15%), Natural Brown Sugar, Coconut Powder, Cardamom Powder, Cashew Nuts.",100,553,67.4,6.8
630,Daadi's Atta Gond Laddoo,DAADIS,SWEETS,LADDU,"Wheat Flour, Sugar Powder, Urad Dal Flour, Clarified Butter (Pure Cow Ghee), Dry Fruits, Gond (Edible Gum).",100,510.48,67.79,5.83
631,Currychief Madras Sambar,CURRYCHIEF,INSTANT FOOD,SAMBAR,"Water, Shallots, Onion, Tomato, Toor Dal, Moong Dal, Sunflower Oil, Salt, Red Chilly, Asafoetida, Green Chilly, Coriander, Fenugreek, Turmeric, Mustard, Cumin, Pepper, Rice, Channa Dal",100,178,18.3,7.4
632,Yu Jalapeno Cheese,YU FOODS,INSTANT FOOD,NOODLES,"100% Whole Wheat Flour (Noodles), Cheddar Cheese, Jalapeno, Milk, Butter, Sunflower Seed Oil, Sesame Seeds, Onion, Tomatoes, Garlic, Red Chilli Powder, Vinegar, Corn Flour, Leeks, Celery, Bay Leaf, Black Pepper Corn, Spring Onions, Salt",140,252,39,8
633,MOM 3 Cheese Instant Pasta,MOM,INSTANT FOOD,PASTA,"Durum Wheat Pasta (58%), Milk Solids (Cheese Powder), Mozzarella Cheese Powder, Parmesan Cheese Powder, Whole Milk Powder, Potato Starch, Wheat Flour, Spices and Condiments (Onion, Garlic, Parsley), Iodized Salt, Vegetable (Palm) Fat Powder, Maltodextrin, Natural and Nature Identical Flavouring Substances, Stabilizer (Ins 415), Flavour Enhancers (Ins 627, Ins 631)",100,392.9,69.1,12.1
634,Maggi Masala Cuppa Noodles,MAGGI,INSTANT FOOD,NOODLES," Refined wheat flour (Maida), Palm oil, Iodized salt, Thickeners (412 & 508), Humectant (451(i)), Acidity Regulators (501(i), 500(i) & 330). MASALA TASTEMAKER: Mixed spices (18.4%), Dehydrated vegetables (14.4%) (Carrot flakes (7.5%), Green peas (6.9%)), Sugar, Starch, Iodized salt, Nature identical flavouring substances, Tomato paste (5.6%), Toasted onion flakes (4.7%), Refined wheat flour (Maida), Roasted garlic flakes, Thickeners (508 & 415), Onion powder (2.8%), Palm oil, Herbs, Natural flavouring substance, Yeast extract powder, Flavour enhancer (635), Tamarind powder, Acidity Regulator (330) and Wheat gluten",100,387,52.5,7.1
635,MAGGI 2-Minute Instant Noodles,MAGGI,INSTANT FOOD,NOODLES,"Noodles: Refined wheat flour (Maida), Palm oil, lodized salt, Wheat gluten, Thickeners (508 & 412). Acidity regulators (501(i) & 500(i)) and Humectant (451(1)). Masala Tastemaker: Mixed Spices (26.2%) (Onion powder, Coriander powder, Red chilli powder, Turmeric powder, Garlic powder, Cumin powder, Aniseed powder, Ginger powder, Fenugreek powder, Black pepper powder, Toasted onion powder, Clove powder, Green cardamom powder, Nutmeg powder), Hydrolysed groundnut protein. Refined wheat flour (Maida), Sugar, Starch, Palm oil, lodized salt, Thickener (508), Acidity regulator (330), Flavour enhancer (635), Colour (150d), Mineral and Wheat gluten",100,384,59.6,8.2
636,MTR Vegetable Upma,MTR,INSTANT FOOD,UPMA,"Semolina (75%), Edible Vegetable fat-interesterified (Palmolein Oil, Palm Kernel Oil), Dehydrated Carrot, Salt, Green chilli, Ginger, Sugar, Bengal gram, Curry leaves, Mustard, Dehydrated onion, Anticaking agent Silica (INS 551), Acidity Regulator (Citric acid (INS 330) and Tartaric acid (INS 334)",100,252,41.7,4.8
637,MOM Cheesy Peri Peri Instant Pasta,MOM,INSTANT FOOD,PASTA,"Pasta: Durum Wheat Pasta (58%), Cheesy Peri Peri Sauce Mix: Corn Starch, Iodised Salt, Milk Solids, Cheese Powder, Sugar, Vegetable (Palm) Fat Powder, Potato Starch, Spices , Condiments (Garlic, Onion, Chilli, Parsley), Hydrolysed Vegetable Protein, Cream Analogue (Hydrogenated Palm Oil, Caseinate) Acidity Regulators (INS270, INS330), Natural , Nature Identical Flavouring Substances, Yeast Extract Powder, Stabilizer (INS415), Flavour Enhancers (INS627, INS631), Anticaking Agent (INS551), Italian Seasoning Mix: Dehydrated Garlic, Iodized Salt, Spices and Herbs (Oregano, Basil, Black Pepper, Chilli) Edible Soyabean Oil, and Anti Caking Agent (INS551)",100,379.4,74.5,9.4
638,Currychief Chettinad Curry,CURRYCHIEF,INSTANT FOOD,CURRY,"Coconut, Curry Leaves, Fennel, Ginger-garlic, Onion, Pepper, Red Chilli, Salt, Spices and Condiments (Cardamom, Cinnamon, Cloves, Coriander, Star Anise, Stoneflower, Turmeric), Sunflower Oil, Tomato, Water",100,206,0.5,2.9
639,MOM Poha With Bhujia,MOM,INSTANT FOOD,POHA,"Poha (91%): Poha (70%) (Rice Flakes), Sugar, Roasted Peanuts, Edible Vegetable Oil (Soyabean Oil), Salt, Dehydrated Red Onion Flakes, Tomato, Spices & Condiments (Mustard, Red Chilli Powder, Turmeric), Acidity Regulator (INS 330), Curry Leaves. Bhujia (9%): Bean Flour (Moth Flour), Gram Pulse Flour, Edible Vegetable Oil (Soyabean Oil, Cottonseed & Palmolein Oil), Spices and Condiments (Red Chilli Powder, Ginger, Black Pepper, Cardamom, Nutmeg, Clove, Cumin Powder, Mace), Salt",100,430,71,9
640,Maggi Chilly Chow Cuppa Noodles,MAGGI,INSTANT FOOD,NOODLES,"Noodles: Refined wheat flour (Maida), Palm oil, lodized salt, Thickeners (412 & 508), Humectant (451(i)) and Acidity regulators (501(1), 500 (i) & 330). Masala Tastemaker: Mixed spices (Dried garlic (20.4%). Red chilli powder (7.7%), Dehydrated onion, Black pepper powder, Star anise powder, Capsicum extract, Nutmeg powder, Coriander ex-tract, Cumin extract), Starch, lodized salt, Refined wheat flour (Maida), Tomato paste (7%), Sugar, Dehydrated carrot bits (6.3%), Thickeners (508 & 415), Toasted onion flakes (4%), Palm oil, Flavour enhancer (635), Acidity regulator (330), Yeast extract powder, Colour (150d) and Wheat gluten",100,388,53.1,7.5
641,MTR Breakfast Khatta Meetha Poha Mix,MTR,INSTANT FOOD,POHA,"Rice flakes (64%), Sugar, Edible vegetable fat-Interesterified (Made from Palm oil and Palm kernel oil), Raisins, Peanuts, Salt, Dehydrated onion flakes, Green chilli, Curry leaves, Turmeric, Dry mango powder, Cumin, Mustard, Maltodextrin and Acidity regulators (Citric acid (INS 330) and Tartaric acid (INS 334))",60,245,44,4
642,Maggi Chicken Instant Noodles,MAGGI,INSTANT FOOD,NOODLES,"Noodles: Refined Wheat Flour (Maida), Palm Oil, Lodised Salt, Wheat Gluten, Thickeners (508 and 412), Acidity Regulator (501(I) and 500(I)) and Humectant (451(I)). Tastemaker: Mixed Spices (22%) (Dehydrated Onion, Dried Garlic, Red Chilli Powder, Black Pepper Powder, Capsicum Extract, Turmeric Powder, Nutmeg Powder, Coriander Extract, Cumin Extract), Sugar, Refined Wheat Flour (Maida), Lodised Salt, Starch, Chicken Meat (5.7%), Palm Oil, Thickener (508), Chicken Fat (2.3%), Natural Flavour, Flavour Enhancer (635), Nature Identical Flavouring Substance, Acidity Regulator (330), Colour (150D), Dehydrated Kasuri Methi Leaves, Onion, Wheat Gluten and Dehydrated Bread",100,402,66.1,7.8
643,Maggi Special Masala Instant Noodles,MAGGI,INSTANT FOOD,NOODLES,"Noodles: Refined wheat flour (Maida), Palm oil, Wheat gluten, lodized salt, Thickeners (508 & 412), Acidity regulators (501(1) & 500 (1)) and Humectant (451(1)). Masala Tastemaker: Mixed spices (35.2%) (+Roasted spice powder (9.3%) (Coriander, Turmeric, Cumin, Aniseed, Black pepper, Fenugreek, Ginger, Green cardamom, Cinnamon, Clove, Nutneg, Bay leaf & Black cardamom), Red chilli powder, Onion powder, Garlic powder, Black pepper powder, Coriander powder, Turmeric powder, Cumin powder, Ginger powder, Aniseed powder, Fenugreek powder, Capsicum extract, Com-pounded asafoetida, Star anise powder, Coriander extract & Cumin extract), Sugar, lodized salt, Refined wheat flour (Maida), Onion, Thickener (508), Starch, Flavour enhancer (635), Yeast extract powder, Palm oil, Dehydrated kasuri methi leaves, Acidity regulator (330), Corn oil, Mineral and Wheat gluten",100,397,60.3,9.6
644,Gits Paneer Tikka Masala Ready to Eat,GITS,INSTANT FOOD,CURRY,"Onion. Cottage Cheese (21%), Tomate, Water, Capsicum, Red Chilli, Cashewnut, Yoghurt, Sunflower oil, Ghee, Salt, Garlic, Coriander. Ginger, Green chilli, Corn flour, Coriander seeds, Fennel seeds, Sugar, Cumin seeds. Turmeric, Green cardamom, Fenugreek seeds, Mustard, Fenugreek leaves. Caran seeds, Cinnamon Black pepper, Stararise, Dry bay leaf. Cardamom. Nutmeg. Black salt, Clove, Dry manga & Pomegranate",100,164,6,8
645, Gits Veg Biryani Ready to Eat,GITS,INSTANT FOOD,BIRIYANI,"Basmati Rice (58%), Potato Water Tomato, Color, Yoghurt, Peas, Sunflower Oil, Steelclarified Butter, Ginger, Garlic, Red Chillies, Coriander, Mint Salt Turmeric, Cinnamon, Camin, Black Pepper, Bay Leaves, Green Cardamon, Black Cardamom, Caraway Seeds, Nutmeg, Mace, Cloves, Star Anise, Fennel Seeds Rose Mater Sallon & Kewra Water",100,157,23,3.3
646,Eastern 5 Min Instant Breakfast Idiyappam Ready Mix,EASTERN,INSTANT FOOD,IDIYAPPAM,"Rice Flour (97%), Refined Wheat Flour (Maida), Iodized Salt",100,343,78,7.7
647,Currychief Madras Sambar,CURRYCHIEF,INSTANT FOOD,SAMBAR,"Water, Shallots, Onion, Tomato, Toor Dal, Moong Dal, Sunflower Oil, Salt, Red Chilly, Asafoetida, Green Chilly, Coriander, Fenugreek, Turmeric, Mustard, Cumin, Pepper, Rice, Channa Dal",100,178,18.3,7.4
648,MTR Dosa Instant Mix,MTR,INSTANT FOOD,DOSA,"Rice flour (46%), Blackgram Dal (27%), Refined Wheat Flour, Edible Vegetable fat-interesterified (Palm Oil and Palm kernel oil), Salt, Leavening agent: Sodium bicarbonate (INS 500(ii)), Acidity Regulator: Malic Acid (INS 296), Fenugreek",100,362,65,12
649,Cookd Black Pepper Kit,COOKD,INSTANT FOOD,MASALA POWDER,"Onion ((37%)), Water, Edible Vegetable Oil Refined Sunflower Oil, Garlic ((8%)), Soy Sauce, Ginger, Black Pepper, Iodized Salt, Vinegar, Flavour Enhancers (ins 627, Ins 630), Thickener (ins 1422), Hydrolysed Vegetable Protein, Yeast Extract, and Stabilizing Agent (ins 415) and Colour (ins 1500)",100,238.32,36.51,6.27
650,MTR Roasted Vermicelli,MTR,INSTANT FOOD,VERMICELLI,Wheat Semolina (Suji / Rawa),100,341,75,8
651,Aashirvaad Rava Idli Instant Mix,AASHIRVAAD,INSTANT FOOD,RAVA IDLI,"Semolina (86.3%), Refined Wheat Flour (Maida), Refined Palm Oil, Lodized Salt, Bengal Gram Dal (1.4%), Raising Agent [INS 500 (ii)], Dehydrated Carrot (1.2%), Curry Leaves (0.9%), Spices and Condi-ments, Mustard Seeds (0.5%), Ca-shewnuts (0.4%) and Dehydrated Green Chilli Powder",100,368,74.8,8.8
652,MTR Breakfast Rava Dosa Mix,MTR,INSTANT FOOD,RAVA DOSA,"Semolina (45%), Rice, Refined Wheat Flour, Edible Vegetable fat-interesterified, Salt, Cumin, Green Chilli Powder, Acidity Regulator: Malic Acid (INS 296)",100,350.5,73,9
653,Yu Cheesy VEG Carbonara - Korean Ramen Noodles,YU FOODS,INSTANT FOOD,NOODLES,"Black Pepper, Butter, Celery, Cheddar Cheese, Corn Flour, Cream, Dry Red Chilli, Garlic, Ginger, Onion, Orange Peel, Peanuts, Salt, Sesame Seeds, Soy Sauce, Sugar, Sunflower Oil, and Wheat Flour",100,195,20,5.3
654,Too Yumm K-Bomb Ramen Hot n Spicy Instant Noodles,TOO YUMM,INSTANT FOOD,NOODLES,"Noodles: Refined Wheat Flour, Vegetable Oil (Rice Bran Oil), Iodized Salt, Wheat Gluten, Starch, Gelling Agent (INS 508), Sequestrant (INS 451(i)), Thickeners (INS 412), Acidity Regulators (INS 501(i), INS 500(i)) Seasoning Mix: Iodized Salt, Sugar, Spices and Condiments (Contains Onion, Garlic, Chilli), Natural and Nature Identical Flavouring Substances, Maltodextrin, Fermented Soya Sauce Powder, Hydrolysed Vegetable Protein, Tomato Powder, Vinegar, Acidity Regulator (INS 330), Flavour Enhancers (INS 627, INS 631), Anticaking Agent (INS 551), Colour (INS 150d), Dehydrated Herb (Celery) Used as natural flavouring agent Garnish: Dehydrated Cabbage, Spices and Condiments (Chilli), Iodized Salt, Sugar",100,431,66,11.4
655,Maggi Nutri-licious Masala Veg Atta Noodles,MAGGI,INSTANT FOOD,NOODLES,"Herbs, Spices, Vegetables, Wheat Flour (Atta)",100,314,50.4,7.7
656,Maggi Korean BBQ Veg Instant Noodles,MAGGI,INSTANT FOOD,NOODLES,"NOODLES: Refined wheat flour (Maida), Palm oil, Wheat gluten, Iodized salt, Thickeners (508 & 412), Acidity regulators (501(i) & 500 (i)) and Humectant (451(i)). TASTEMAKER: Sugar, Soya sauce powder (Soya sauce, Maltodextrin, Iodized salt, Color (150c)), Garlic powder, Red chilli powder (11%), Thickener (508), Iodized salt, Flavour enhancer (635), Natural flavouring substance, Onion powder, Nature identical flavouring substances, Spice extract blend, Palm oil, Curry spice extract blend, Acidity regulator (330), Black pepper, Cinnamon powder, Star anise powder, Colour (150d), Sunflower oil and Rosemary extract. OIL: High oleic sunflower oil, Curry spice extract blend and Spice extract blend",100,321,41.6,8.2
657,YiPPee! Magic Masala Noodles with Added Veggies,SUNFEAST,INSTANT FOOD,NOODLES,"Instant Noodles: Refined Wheat Flour (Maida) (78.4%), Refined Palm Oil, Lodized Salt, Wheat Gluten (0.4%), Thickeners (INS 508, INS 412), Stabilizers (INS 170(1), INS 339(1), INS 450(), INS 452(0)] and Acidity Regulators [INS 501(1), INS 500(1), INS 330) Masala Mix: Dehydrated Vegetables [Beans (9.5%), Carrot (7.1%), Onion (4.6%) and Cabbage (3.8%), Instant Noodle Powder (Refined Wheat Flour (Maida) (15.5%), Refined Palm Oil, Lodized Salt and Wheat Gluten (0.08%)), Spices and Condiments (17.6%) (Garlic, Coriander, Cumin, Ginger, Chilli, Aniseed, Fenugreek, Black Pepper, Cardamom, Nutmeg, Caraway, Cinnamon, Clove and Turmeric), Sugar, Lodized Salt, Hydrolyzed Vegetable Protein, Natural Flavours and Natural Flavouring Substances, Nature Identical Flavouring Substances, Maltodextrin, Yeast Extract, Acidity Regulator (INS 330), Flavour Enhancers (INS 627, INS 631), Anticaking Agent (INS 551), Mineral, Vitamins and Starch",100,459,62.6,9
658,Sunfeast Yippee! Korean Noodles Fiery Hot,SUNFEAST,INSTANT FOOD,NOODLES,"Instant Noodles: Maida (Refined Wheat Flour), Refined Palm Oil, Starch, Lodized Salt, Emulsifier (Mono and diglycerides of fatty acids (from Palm Oil)), Wheat Gluten, Thickener (INS 466), Acidity Regulators JINS 500(ii), INS 501(1), INS 330), Stabilizers [INS 339(il), INS 450(i)). Seasoning: Spices and Condiments (20.2%) (Dried Garlic, Red Chilli, Dried Ginger, Black Pepper, Spice Oleoresin), Hydrolyzed Vegetable Protein (Soya Protein Isolate, Maltodextrin), Instant Noodle Powder (Maida (Refined Wheat Flour), Refined Palm Oil, Starch, Lodized Salt, Wheat Gluten), Maltodextrin, Lodized Salt, Dehydrated Onion, Sugar, Soyabean Sauce Powder Soyabean Sauce, Maltodextrin), Flavour Enhancers (INS 627, INS 631]. Nature Identical Flavouring Substances, Yeast Extract, Anticaking Agent (INS 551), Natural Flavours and Natural Flavouring Substances, Thickener (INS 415), Acidity Regulator (INS 330). Dehydrated Vegetables (100.0%) [Cabbage (32.8%), Carrot (32.8%), Spring Onion (22.9%), Beans (6.6%), Zucchini (4.9%))",100,439,64.7,8.5
659,Yu Zingy Cheese Instant Cup Noodles,YU FOODS,INSTANT FOOD,NOODLES,"Refined Flour Noodles, Cheddar Cheese, Onions, Garlic, Spring Onion, Corn Kernel, Tomato Puree, Palm Oil, Corn Flour, Milk, Vinegar, Refined Oil, Salt, Sugar, Red Chilli Powder, Spices and Seasoning, and Water",100,347,31.8,6.3
660,Bambino Elbow Macaroni Pasta,BAMBINO SOUTH,INSTANT FOOD,PASTA,"Durum Wheet Semelina/Rave Vitamins And Minerals Premix (Vitamin B3 (Es Niacinamide), Iron Las Ferrous Sulphate), Zinc (As Zinc Sulphate), Vitamin B2 (Riboflavin), Vitamin B1 (Es Thiemine Mononitrate and Vitamin B9 (Folic Acid)",100,357,75,12
661,Del Monte Penne Rigate Pasta Durum Wheat,DEL MONTE,INSTANT FOOD,PASTA,Durum Wheat Semolina,100,350,71,12
662,Ruchi magic Garlic Pickle,RUCHI,INSTANT FOOD,PICKLE,"Garlic Cloves and Crushed (22%), Potable Water, lodized Salt, Refined Rice Bran Oil, Tamarind, Jaggery, Chilli, Mixed Spices, Ginger Paste, Split Bengal Gram Dhal (Dal Chana), Split Black Gram (Urad Dal), Acidity Regulators (INS 330 & INS 260), Asafoetida and Preservative (INS 211)",100,123,5,2.5
663,MasterChow Hot and Spicy Schezwan Chutney,MASTER CHOW,INSTANT FOOD,CHUTNEY,"Water, Red Chilli Paste (25%), Garlic (12%), Tomato Paste, Sugar, Refined Soyabean Oil, Ginger (7%), Celery (3%), Iodized Salt, Soya Sauce, Acidity Regulators (INS260 and INS330), Sichuan Peppercorn, I+G, Mixed Spices & Condiments, Paprika Oleoresin, and Preservative (INS211)",100,146,17.6,2.1
664,Priya Lime Pickle In Lime Juice With Garlic,PRIYA,INSTANT FOOD,PICKLE,"Lime (61%), Iodised Salt, Lime Juice (7.5%), Garlic (5%), Chilli Powder, Fenugreek Powder, and Turmeric Powder",100,72,12.8,2
665,Keya Malabar Chicken Pickle,KEYA,INSTANT FOOD,PICKLE,"Chicken (40%), Spices and Condiments (Red Chilli, Ginger, Garlic, Fenugreek and Mustard), Edible Vegetable Oil, Iodised Salt, Acidity Regulator (INS 260), Sugar and Preservative (INS 211)",100,202,7.2,12.5
666,The Little Farm Co. Mixed Gobhi Gajar Shalgum Pickle,THE LITTLE FARM CO,INSTANT FOOD,PICKLE,"Gobhi, Shalgum, Carrots, Red chilli, Himalayan pink salt, Garam masala, Rai, Jaggery, Sugarcane vinegar, Cold pressed mustard oil, Ginger, Garlic, Citric Acid",100,118,13,1
667,Dnv Appalam,DNV,INSTANT FOOD,PAPPAD,"Urad Dal, Flour, Refined Salt, Asafoetida, Sodium Carbonate, Rice Flour, Sunflower Refined Oil",100,325,1.4,18.5
668,Wellfry Sabudana Red Chilli Papad,WELLFRY,INSTANT FOOD,PAPPAD,"Sabudana (Teploca) Red Chill, Rock Salt",100,333.9,79.64,6.65
669,Del Monte Sliced Black Olives,DEL MONTE,INSTANT FOOD,PICKLE,"Olives (48.5%), Water, Iodized Salt, Color Retention Agent (Ins 579)",100,125,3,0.5
670,Priya Mango Avakaya Pickle With Garlic,PRIYA,INSTANT FOOD,PICKLE,"Mango (59%), Iodized Salt, Refined Rice Bran Oil, Mustard Powder, Chilli Powder, Sesame Oil, Garlic (4%), Mustard Oil and Mixed Spices",100,206,14.9,3.1
671,Daishik Green Chutney,DAISHIK,INSTANT FOOD,CHUTNEY,"Coriander, Mint Powder, Green Chilli, Bengal Gram, and Iodized Salt",100,401.7,76.3,14.8
672,MTR Instant Badam Drink Mix,MTR,INSTANT FOOD,BADAM DRINK MIX,"Sugar, Milk Solids, and Almond",100,57.4,12,0.72
673,MTR Schezwan Idli Mix,MTR,INSTANT FOOD,IDLI,"Sooji, Sprouted Millets (Jowar, Ragi) (8%), Corn, Cashew (4%), Desi Ghee (4%), Sunflower Oil, Urad Dal, Chana Dal, Sundried Vegetables (Carrot, Onion, Green Chilli, Curry Leaves). No Maltodextrin Seasoning: Salt, Jaggery Powder, Mustard, Cumin, Fennel, Ginger, Black Pepper, Herbs (Oregano, Basil), Hing, Natural & Nature Identical Flavours (Lemon), Vitamin E.",100,340,67,13
674,MTR Gourmet Butter Idli Mix,MTR,INSTANT FOOD,IDLI,"Rice, Black Gram Dal, Edible Vegetable Oil, Salt, Acidity Regulator, Raising Agent",100,340,67,13
675,Gits Khaman Dhokla Instant Snack Mix,GITS,INSTANT FOOD,DHOKLA,"Besan (Chick Pea Flour 68%), Sugar Powder, Semolina, Salt, Citric Acid (E330), Sodium Bicarbonate (E500(Ii)), Asafoetida, Turmeric and Sodium Acetate (E262) (Acidity Regulator)",100,370,67,16
676,Golden Prize Tuna Spread In Mayonnaise,GOLDEN PRICE,INSTANT FOOD,MAYONNAISE,"Baby Corn, Carrot, Guar Gum (E412), Mayonnaise, Natural Colour (E171), Onion, Salt, Sugar, Sweet Corn, Sweet Pepper, Tuna, and Vinegar",43,36,3.2,4.4
677,Cookd Tandoori Tikka Kit,COOKD,INSTANT FOOD,MASALA POWDER,"Marinade: spices and condiments (chilli, coriander, cumin, ginger, turmeric, black pepper), iodized salt, garlic powder, tomato solids, corn starch, dehydrated herbs, flavour enhancers (INS627, INS631), acidity regulator (INS330), thickener (INS 451), natural flavour. Sprinkler: black salt, mango powder, spices and condiments (cumin, coriander, black pepper, ginger), dehydrated herbs, natural flavour. Oil: spice extract (mustard), natural flavour, mustard oil",100,316.7,32.6,11.59
678,Wok N Roll Manchurian Masala,WORK N ROLL,INSTANT FOOD,MASALA POWDER,"Acidity Regulator (INS 330), Anticaking Agent (INS 551), Corn Starch, Flavour Enhancer (INS 635), Garlic Powder, Ginger Powder, Green Chilli Powder, Hydrolysed Vegetable Protein (Corn), Low Sodium Salt Iodized, Malt Extract (Wheat and Barley), Maltodextrin (Corn), Manchurian Seasoning (Refined Sunflower Oil, Spice Extracts (Capsicum, Ginger, Celery, Black Pepper, Garlic), Emulsifier (INS 471), Natural and Nature Identical Flavouring Substances), Natural Flavouring Substances, Onion Powder, Soya Sauce Powder (Soya Flour, Acidity Regulators (INS 260, INS 330), Maltodextrin (Corn)), Spice Mix (Onion Powder, Garlic Powder, Ginger Powder), Sugar",100,360,53.3,3.9
679,Happa Cereal Sprouted Ragi | Mango | Banana,HAPPA,INSTANT FOOD,CEREAL,"Organic Ragi (68%), Banana Powder (19%), Mango Powder (13%)",100,385,86.9,5.5
680,Gladful Choco Pancake Sprouted Millets and Masoor Mix,GLADFUL,INSTANT FOOD,PANCAKE MIX,"Sprouted Masoor, Foxtail Millet, Oats, Jawar, Banana, Chocolate, Raw Unrefined Cane Sugar, VANILLA CAKE, Baking Powder",30,307,61.9,10
681,Madmix Oats Idli With Free Chutney,MADMIX,INSTANT FOOD,OATS IDLI,"Oats Idli Premix: Rice, Gram, Oats, Baking powder, Salt, and Fruit salt. Chutney Premix: Gram, Coconut Powder, Salt, Green Chilli Powder, Curry Leaves Powder, Cumin Powder, Ginger Powder, Asafoetida",100,361.88,73.94,11.75
682,Surya Panipuri Masala,SURYA,INSTANT FOOD,MASALA POWDER,"Black Salt, Dry Mango, Mint Leaves, Rock Salt, Tamarind Powder, Black Pepper, Salt, Citric Acid, Cumin, Ginger, Chilli Powder, Ajwain and Asafoetida",100,0,7,1
683,Currychief Chicken Curry,CURRYCHIEF,INSTANT FOOD,MASALA POWDER,"Coconut, Garlic, Ginger, Onion, Salt, Shallots, Spices and Condiments (Chilli, Cinnamon, Cloves, Coriander, Curry Leaves, Cumin, Fennel Seeds, Pepper, Turmeric), Sunflower Oil, Tomato, and Water",100,172,0.5,2.5
684,Hocco Pindi Chole Rice Combo,HOCCO,INSTANT FOOD,CHOLE RICE,"Basmati Rice, Bay Leaf, Black Cardamom, Black Pepper, Butter, Cardamom, Chaat Masala, Chick Peas, Cinnamon, Cloves, Cotton Seed Oil, Cream, Edible Common Salt, Fenugreek, Green Chilli, Kitchen King, Mace, Onion, Pomegranate Seed Dry, Pure Ghee, Salt, Star Anise, Tomato, and Water",375,453.96,30.89,14.15
685,Hocco Chana Masala,HOCCO,INSTANT FOOD,MASALA POWDER,"Chickpeas White (Kabuli Chana 28%), Tomato Puree, Black Pepper, Sunflower Oil, Cotton Seed Oil, Onion, Cumin, Spices (Cumin Seed Powder, Red Chilli Powder, Cinnamon, Cardamom, Clove), Salt, Garlic, Green Chilli, Ginger, and Water",100,277.16,26.45,3.6
686,Hocco Bisebelle Bhath,HOCCO,INSTANT FOOD,BISEBELLE BHATH,"Beans, Carrots, Curry Leaves, Mustard Seeds, Peas, Rice, Tamarind, Toor Dal, and Turmeric",100,114.29,18.62,2.64
687,Hocco Mumbai Bhaji,HOCCO,INSTANT FOOD,MUMBAI BHAJI,"Potato, Tomato, Water, Capsicum, Cotton Seed Oil, Clarified Butter, Onion, Green Peas, Coriander, Red Chilli, Salt, Garlic, Cabbage, Cumin, White Pepper, Kashmiri Chilli Powder, Cinnamon, Clove, Turmeric, and Black Pepper",150,222,25,3
688,Hocco Smoked Paneer,HOCCO,INSTANT FOOD,SMOKED PANEER,"Bengal Gram, Black Cardamom, Black Gram, Black Pepper, Cardamom, Cashew Nut, Cassia, Chilli, Clarified Butter, Clove, Coriander, Cotton Seed Oil, Cumin, Dried Whole Milk, Dry Ginger, Fenugreek, Fenugreek Leaves, Garlic, Mace, Melon Seed, Mustard, Nutmeg, Onion, Paneer, Red Chilli, Salt, Star Anise, Tomato Paste, and Turmeric",150,358.5,37.5,8.25
689,Real Thai Rice Paper,REAL THAI,INSTANT FOOD,RICE PAPER,"Rice 90%, Water, Tapioca Flour, Salt",24,80,19,1
690,Pintola Organic Wholegrain Brown Rice Cakes,PINTOLA,INSTANT FOOD,RICE CAKE,"100% Organic Wholegrain Brown Rice, Desert Salt",100,378,81,7.9
691,Wakao Jackfruit Biryani,WOKAO,INSTANT FOOD,BIRIYANI,"Water, Basmati Rice, Jackfruit, Tomato paste, Onion, Garlic, Ginger, Thickening agent (INS 1422), Spices and Condiments, Soybean oil, Green chilies, Curd, Rose Water, Kewra Water, Coriander Leaves, Mint Leaves, Wheat Fiber, Added natural and nature identical flavors and color",100,105.44,21.09,2.61
692,Hocco Dal Makhani,HOCCO,INSTANT FOOD,DAL MAKHANI,"Black Gram, Clarified Butter, Cotton Seed Oil, Coriander Powder, Fenugreek Leaves, Garlic, Ginger, Green Chilli, Milk Cream, Onion, Red Chilli Powder, Salt, Sugar, Tomato, Tomato Powder, Veg Seasoning, and Water",100,378.68,46.13,4.64
693,Hocco Dum Aloo,HOCCO,INSTANT FOOD,DAM ALOO,"Onion, Potato, Fried Cashewnut, Cashewnut, Melon Seed, Curd, Spice Mix, Garam Masala Powder, Black Pepper Powder, Cloves, Green Cardamom, Black Cardamom, Star Anise, Mace, Cumin Seed, Coriander Whole, Garlic, Ginger, Khoya, Fresh Cream, Salt, Kasoori Methi, Turmeric Powder, and Water",150,110.33,23.33,2.16
694,Gits Heat & Eat Pau Bhaji,GITS,INSTANT FOOD,PAU BHAJI,"Tomato (32%), Potato (31%), Butter, Onion, Green Peas (5%), Capsicum (3%), Red Chillies, Garlic, Salt, Ginger, Coriander, Cumin, Carom Seeds, Black pepper, Aniseed, Split gram, Cinnamon, Green cardamom, Star anise, Clove, Nut meg, Mace, Stone flower, Black salt, Bay leaf and Black cardamom",100,159,14.9,5.7
695,Knorr Chinese Manchurian Gravy Mix,KNOR,INSTANT FOOD,GRAVY MIX,"Corn Flour, Sugar, Dehydrated Vegetables (Onion, Garlic, Leeks), Iodised Salt, Flavour Enhancer - 621, Chillies, Dehydrated Ginger Bits, Hydrogenated Palm Oil, Hydrolyzed Vegetable Protein, Acidity Regulator - 296",100,324,67.3,8.1
696,Wakao Hot & Spicy Sausage,WAKAO FOODS,INSTANT FOOD,SAUSAGE ,"Water, Jackfruit (16.3%), Refined Sunflower Oil, Potato Starch, Soy Protein, Thickeners (INS 461, INS 415, INS 407), Spices and Condiments, Natural and Artificial Flavours, Iodized Salt, Flavour Enhancers (INS 627, INS 631), Sugar, Herb (0.2%), Acidity Regulator (Citric Acid)",100,160.5,7.2,5.7
697,Kitchens Of India Rajma Masala,KITCHENSOF INDIA,INSTANT FOOD,MASALA POWDER,"Water, Rajmah (24.4%), Tomato (7.7%), Onion (7.7%), Refined Sunflower Oil, Spices and Condiments (1.1%), Iodized Salt, Ginger, Garlic, Tomato Paste and Dehydrated Fenugreek Leaves",100,116,15.4,4
698,Nestle Cerelac Wheat Apple Carrot Baby Food Cerea,NESTLE,INSTANT FOOD,CEREAL,"Wheat flour (Atta) (58%), Milk solids (31.8%), Apple juice concentrate (11.4%), Soyabean oil, Carrot juice concentrate (1.1%), Minerals, Vitamins and Enzyme (Alpha amylase)",100,427,65,15
699,Nestle Cerelac Multigrain & Fruits Baby Food Cereal,NESTLE,INSTANT FOOD,CEREAL,"Wheat flour (Atta) (48.1%), Milk solids (32.7%), Cereal discs (Corn flour (6.7%), Barley flour (2.2%)), Orange juice concentrate (4.6%), Sugar, Soyabean oil, Dehydrated apple bits (2.4%), Cherry flakes (1.7%), Minerals, Vitamins and Enzyme* (Alpha amylase)",100,412,68.1,15
700,Slurrp Farm No Added Sugar,SLURRP FARM,INSTANT FOOD,CEREAL,100% sprouted ragi,100,377.8,81.3,8.7
701,Slurrp Farm Ragi Rice Strawberry Instant Healthy Cereal,SLURRP FARM,INSTANT FOOD,CEREAL,"Multigrain flour blend (sprouted ragi, jowar, rice, oats) (47%), milk solids (33%), fruit powder blend (banana, strawberry) (10%), date powder (9%), beet juice powder, vitamins, and minerals",100,375.9,76.7,13.1
702,Slurrp Farm No Added Sugar Cereal - Ragi Rice and Mango with Milk,SLURRP FARM,INSTANT FOOD,CEREAL,"Supergrain blend (sprouted ragi, Jowar, Rice) (35%), Milk solids (30%), Mango powder (11%), Oat flour (10%), Date powder (9%), Skimmed milk powder, Vitamins and minerals",100,386.7,80.8,13.4
703,The Select Aisle Dark Chocolate Chips,THE SELECT AISLE,INSTANT FOOD,CHOCO CHIP,"Sugar, Edible Vegetable Fat (Hydrogenated), Cocoa Solids, Dextrose, and Emulsifier (INS 322)",100,558,62,2.7
704,Puramate Tooty Fruity Mix,PURAMATE,INSTANT FOOD,TOOTY FRUITY,"Papaya Pieces, Sugar, Citric Acid (E330), Contains Permitted Class II Preservatives (E211)",100,302.09,74.3,0.66
705,Betty Crocker Triple Chocolate Brownie Instant Cake Mix Powder,BETTY CROCKER,INSTANT FOOD,CAKE MIX,"Sugar, Refined Wheat Flour (Maida), Cocoa Powder (6.35%), Dark Compound Choco Chips (6.0%) (Sugar, Cocoa Solids, Hydrogenated Vegetable Oil (Palm), Dextrose, Emulsifier (Ins492, Ins322)), White Compound Chips (6%) (Sugar, Milk Solids, Edible Vegetable Fat (Palm), Emulsifier (Ins322)), Edible Vegetable Oil (Palm), Iodized Salt, Raising Agent (Is341(Ii)), Stabilizer (Ins415)",100,1634,81.6,3.4
706,Pillsbury VANILLA CAKE Custard Powder,PILLSBURY,INSTANT FOOD,CUSTARD POWDER,"Cornflour, Lodised Salt, Nature Identical and Artificial Flavouring Substances - VANILLA CAKE, Colours - (INS 102, INS 110, INS 122)",100,360,89.8,0.2
707,Amul Mithai Mate Condensed Sweetened Milk Tin,AMUL,INSTANT FOOD,CONDENSED MILK,"Sugar, Milk Solids",100,331,55,7.5
708,Hershey's Cocoa Powder,HERSHYEYS,INSTANT FOOD,COCO POWDER,Cocoa,100,409,57.9,19.6
709,Nestle Milkmaid Partly Skimmed Sweetened Condensed Milk,NESTLE,INSTANT FOOD,CONDENSED MILK,"Milk Solids, Sugar",100,303,58.4,8.5
710,Double Horse Rice Palada Payasam Mix,DOUBLE HORSE,INSTANT FOOD,PAYASAM MIX,"Sugar 60%, Rice, Cardamom, Cocoa",25,69,16,1
711,Pillsbury Butterscotch Flavour Pancake Mix,PILLSBURY,INSTANT FOOD,PANCAKE MIX,"Refined Wheat Flour (Maida), Sugar, Butterscotch Bits (7.0%)[Sugar, Edible Vegetable Fat (Hydrogenated), Iodized Salt and Artificial Flavouring Substances (Butterscotch)], Edible Vegetable Oil (Palm), Baking Powder [INS500(ii), INS541(i)], Iodized Salt, Artificial Flavouring Substances (Caramel, Butterscotch) and Raising Agent [INS500(ii)]",100,381,73.2,8.2
712,MTR Gulab Jamun Mix,MTR,INSTANT FOOD,GULAB JAMUN MIX,"Acidity Regulator (INS 296), Edible Vegetable Fat Interesterified (Palm Kernel Oil and Palmolein Oil), Milk Solids, Raising Agent (INS 500 ii), and Refined Wheat Flour (Maida)",100,390,60,14.6
713,Pillsbury Chocolate Flavour Pancake Mix 2-Minute Pancake Mix For Kids,PILLSBURY,INSTANT FOOD,PANCAKE MIX,"Refined wheat flour (maida), Sugar, Edible vegetable oil (palm), Cocoa powder (3.7%), Baking powder [ins 500(ii), Ins 541(I)], Artificial flavouring substance (VANILLA CAKE, Chocolate), Milk solids, Lodized salt, Raising agent [ins 500(ii)] And colour (ins 150d)",100,372,74.5,8.1
714,Gits Rabdi Instant Dessert Mix,GITS,INSTANT FOOD,PAYASAM MIX,"Milk Solids, Almonds, Pistachios, Saffron, Cardamom",25,90,17,5
715,Weikfield Jelly Crystals Strawberry Flavour Carton,WEIKFIELD,INSTANT FOOD,JELLY MIX,"Jelly Mix: Sugar, Acid - (INS 297), Acidity Regulator - (INS 332), Nature Identical Flavouring Substance - Strawberry, Colour - (INS 122). Jelly Premix: Sugar, Gelling Agent (INS 407), (INS 508), lodised Salt, and Acidity Regulator - (INS 332)",100,396,98.5,0.4
716,ACT II Sweet & Salty Popcorn,ACT II,INSTANT FOOD,POPCORN,"Popped Corn, Sugar, Refined Edible Palmolein Oil, Iodised Salt, Emulsifier (Lecithin)",100,521,63,5
717,4700BC Butter Popcorn,4700BC,INSTANT FOOD,POPCORN,"Corn (79%), Edible Vegetable Oil (Olive Oil & Rice Bran Oil), Butter (1%), Iodised Salt, Rosemary Extract",100,464.7,66.4,9.4
718,Quaker Oats Breakfast Cereal,QUAKER,INSTANT FOOD,CEREAL,"Whole Grain Rolled Oats, Natural And Artificial Sugar, Calcium Carbonate, Salt, Iron, Thiamine, Folic Acid, Vitamin A And Riboflavin.",100,407,68.5,11.8
719,Kellogg's Muesli Fruit Nut & Seeds 12-in-1 Power Breakfast,KELLOGGS,INSTANT FOOD,CEREAL,"Added Flavours (Nature Identical & Artificial - Coconut), Antioxidant (INS 3076), Candied Fruits (Candied Cranberry (3%), Candied Papaya (5%)), Corn Grits (18.3%), Corn Meal, Cocoa Solids, Honey, Jodized Salt, Multigrain Mix (66%) (Rice (9.7%), Refined Wheat Flour (Maida), Rolled Barley (8%), Rolled Oats (8%), Ragi Millet Flour (3.5%), Sugar, Wheat Bran), Mineral, Oligofructose, Vitamins, Colours (INS 140, INS 150D), Nut & Seed (21%) (Almonds (3.5%), Black Currants (3%), Black Raisins (3%), Pumpkin Seeds (3.5%))",100,386,80,8.1
720,Tata Soulfull Ragi Bites Choco Fills,TATA SOULFULL,INSTANT FOOD,CEREAL,"Added Flavours (Nature-Identical Flavouring Substance), Antioxidant (INS 320), Chocolate Cream Filling (32%), Cocoa Powder (2.8%), Edible Vegetable Oil (Palmolein), Emulsifier (INS 322(I)), Iodised Salt, Milk Solids, Natural Colour (INS 150D), Rice, Ragi (34.1%), Refined Sugar, Stabilizer (INS 170(I)), Sugar, Bengal Gram Dal (1.8%)",100,554,74.5,5.1
721,Kellogg's Multigrain Chocos,KELLOGGS,INSTANT FOOD,CEREAL,"Multigrain Flour Mix (64.8%) (Wheat Flour (Atta) (55.8%), Sorghum (Jowar) Flour (3%), Rice Flour (3%), Corn Meal (3%)), Sugar, Cocoa Solids (5.3%), Minerals, Cereal Extract, Iodized Salt, Colours (INS 150a, INS 150d), Edible Vegetable Oil (Palmolein), Flavours (Nature Identical & Artificial (Cream)), Vitamins, Antioxidant (INS 307b)",100,373,81,9
722,Kellogg's Corn Flakes With Real Strawberry,KELLOGGS,INSTANT FOOD,CEREAL,"Added Flavour (Natural Identical Flavouring Substances), Beetroot Extract, Cereal Extract, Corn Grits (58%), Iodized Salt, Minerals & Antioxidant (INS 320), Sugar, Strawberry Puree (2.5%), Vitamins",100,381,89.9,4.1
723,Yoga Bar Super High Protein Muesli,YOGA BAR,INSTANT FOOD,MUSLI,"Whole Grains 48% (Rolled Oats, Brown Rice Flakes, Quinoa Flakes), Protein 21% (Soy and Whey Protein Isolate), Dehydrated Fruits, Nuts and Seeds 17% (Dates, Cranberry, Raisins, Almonds, Pumpkin and Chia Seeds), Dark Chocolate (Cocoa, Cocoa Butter, Sugar, Sunflower Lecithin), Jaggery, Rice Bran Oil, Probiotics (Bacillus Coagulans SNZ1969, 150 million CFU Per Serve)",100,198,27.5,11.6
724,"Yoga Bar Wholegrain Breakfast Muesli-Dark Chocolate+Cranberry,Granola",YOGA BAR,INSTANT FOOD,MUSLI,"Whole Grains 58% (Rolled Oats, Brown Rice Flakes, Quinoa Flakes), Seeds & Nuts 14% (Pumpkin, Almonds, Chia, Flax), Dried Fruits 11% (Cranberry, Raisins) Dark Chocolate (Cocoa Solids, Cocoa Butter, Cocoa Powder, Sugar, Sunflower Lecithin, Natural VANILLA CAKE), Dates Syrup, Jaggery, Rice Bran Oil, Cocoa Powder, Apple Fiber, Himalayan Pink Salt",100,437,67,12.3
725,Manna Oats Pouch,MANNA,INSTANT FOOD,OATS,"Energy (kcal) 382.0 (RDA 7.6%), Protein (g) 11.0 (RDA 8%), Carbohydrates (g) 67.0, Total Sugars (g) 1.5, Added Sugars (g) 0.0 (RDA 0%), Dietary Fibre (g) 10.0, Soluble Dietary Fibre (g) 4.0, Total Fat (g) 10.0 (RDA 6%), Saturated Fat (g) 2.0 (RDA 3.3%), Trans Fat (g) 0.0 (RDA 0%), Cholesterol (mg) 0.0, Sodium (mg) 6.0 (RDA 0.1%), Phosphorus (mg) 250.0 (RDA 10%), Magnesium (mg) 95.0 (RDA 8.6%), Iron (mg) 3.0 (RDA 6.3%), Zinc (mg) 2.0 (RDA 4.7%)",100,382,57,11
726,"Saffola Oats, Instant Rolled Oats",SAFFOLA,INSTANT FOOD,OATS,Rolled Oats,100,369,66.8,12.6
727,Saffola Masala Oats,SAFFOLA,INSTANT FOOD,OATS,"Bajra Flakes (2%), Carrots (1.15%), Dried Vegetables (Green Peas (0.69%), Onion Flakes (1.15%)), Flavour Enhancers (INS 627, INS 631), Hydrolysed Vegetable Protein, Iodised Salt, Maltodextrin, Millets (16%) [Jowar Flakes (14%)], Natural Flavouring Substances, Refined Rice Bran Oil, Rolled Oats (55.5%), Spices and Condiments~, Starch, Sugar",38,139,26.8,3.3
728,Kwality Classic Masala Oats - Box,KWALITY,INSTANT FOOD,OATS,"Rolled Oats (75%), Maltodextrin, Iodized Salt, Tomato Powder, Spices and Condiments (Onion, Black Pepper, Garlic, Coriander, Cumin, Fenugreek, Ginger, Turmeric, Chakla, Clove, Chili), Sugar, Hydrolyzed Vegetable Protein, Rice Bran Oil, Dehydrated Vegetables (Carrot (0.5%), Green Peas (0.7%), Tomato (0.7%)), Flavor Enhancer (INS 627 & 631), Whole Wheat Flour (Atta), Parsley, Beet Juice Powder, Chili Extract, Acidity Regulator (INS 330)",100,360,54.1,10
729,Pintola High Protein Oats Dark Chocolate With Almonds Raisin Pumpkin And Chia Seeds,PINTOLA,INSTANT FOOD,OATS,"INStant Oats (48%), Texturized Soy Protein (22%), Fruit , Seeds (14%) (Raisins, Pumpkin Seeds , Chia Seeds), Brown Sugar, Cocoa Solids, Himalayan Pink Salt, and Antioxidant (INS 320)",100,392,64.6,25
730,Yoga Bar Breakfast Cereal & Muesli,YOGA BAR,INSTANT FOOD,MUSLI,"Whole Grains 50% (Rolled Oats, Brown Rice Flakes), Dried Fruit 22% (Raisins, Cranberries, Apricots, Blackcurrants), Seeds 18% (Quinoa, Pumpkin, Chia, Flax), Almonds, Soy Protein Flakes, Rice Bran Oil, Jaggery, Himalayan Pink Salt",100,389,70,11.5
731,Kellogg's Chocolate Muesli,KELLOGGS,INSTANT FOOD,MUSLI,"Multigrain Mix (43%) (Rolled Oats (26.1%), Rice Flour (6.6%), Corn Meal (5.5%), Refined Wheat Flour (Maida) (2.2%), Wheat Flour (Atta) (2.1%), Ragi Flour, Sorghum Flour), Nuts, Seeds and Dry Fruits (14%) (Almonds (6%), Pumpkin Seeds (4%), Black Raisins (4%)), Sugar, Dark Chocolate Powder (12.9%) (Sugar, Cocoa Solids and Cocoa Butter), Edible Vegetable Oil (Palmolein), Cereal Extract, Cocoa Solids (2%), Liquid Glucose, Iodized Salt, Minerals, Flavours (Nature Identical and Artificial (Cream)), Antioxidant (INS 307b), Raising Agent (INS 500(ii)), Colour (INS 150d), Vitamins",100,444,71.4,7.7
732,Kissan Fresh Tomato Ketchup,KISSAN,SAUCE,KETCHUP,"Water, Tomato Paste (28%), Sugar, Iodised Salt, Acidity Regulator - E260, Stabilizers - E1422, E415, Preservative - E211, Onion Powder, Garlic Powder, Spices and Condiments",100,133,31,1.1
733,"Ching's Secret Dark Soy Sauce, Rich, Brown and Zesty",CHINGS SECRET,SAUCE,SOY SAUCE,"Water, Sugar, Iodised Salt, Natural Colour (INS 150c), Soybeans (10%), Wheat, Acidity Regulator (INS 260), Preservative (INS 202)",100,115,28.1,0.7
734,Veeba Smokey Barbeque Sauce,VEEBA,SAUCE,BARBEQUE SAUCE,"Acetic Acid (INS 260), Added Flavours (Natural Flavouring Substances - Barbeque), Jaggery, Lodised Salt, Preservative (INS 211), Stabilizers (INS 1422, INS 415), Sugar, Tamarind, Tomato Paste",100,110.9,27.1,0.4
735,Veeba Peri Peri Hot Sauce,VEEBA,SAUCE,HOT SAUCE,"Water, Synthetic Vinegar, Lemon Juice, Chillies, Onions, Iodised Salt, Refined Soyabean Oil, Sugar, Stabilizers, Garlic, Acidity Regulator, Flavours, Preservative",100,64.8,7.7,0.4
736,Knorr Sauce Pizza and Pasta,KNOR,SAUCE,PIZZA AND PASTA SAUCE,"Water, Vegetables (Crushed Tomato - 25%, Diced Tomato - 20%, Chopped Onion - 3.5%, Garlic Paste - 2.5%), Sugar, Iodised Salt, Soybean Oil, Stabilisers (INS 1422, INS 415), Acidity Regulator (INS 260), Herbs (Oregano, Basil), White Pepper Powder, Preservative (INS 211)",100,82,13.9,1.3
737,Knorr Red Chilli Sauce,KNOR,SAUCE,RED CHILLI SAUCE,"Water, Red Chilli Puree, Sugar, Tomato Paste, Garlic Paste, Stabilizers (INS 1422, INS 415), Iodised Salt, Acidity Regulator (INS 260), Spices and Condiments, Preservative (INS 211), Nature Identical Flavouring Substance, Ginger Powder",100,97,23.1,0.8
738,Tabasco Red Pepper Sauce,TABASCO,SAUCE,RED PEPPER SAUCE,"Aged red peppers, salt, and distilled vinegar",100,16,1.59,<1
739,MasterChow Spicy Sichuan Chilli Oil,MASTER CHOW,SAUCE,CHILLI OIL,"Sunflower Oil, Red Chillies, Garlic, Sichuan Peppercorn, Ginger, Onion, Celery, Cinnamon, Bayleaf, Star Anise, Sugar, Soy Sauce, and Salt",100,42,2,1
740,Habanero Herb-Infused Alfredo Style White Pasta Sauce,HABANERO,SAUCE,WHITE PASTA SAUCE,"Acidity Regulator (INS 270), Cheese Powder (2%), Dehydrated Herbs (0.25%) (Oregano, Parsley), Flavours Natural & Nature Identical, Iodized Salt, Refined Soybean Oil, Sequestrate (INS 385), Stabilizer (INS 415), Sugar, Thickeners (INS 1422, INS 1450), Water, Preservatives (INS 202, INS 211), Spices (Chilli Extract (0.03%), Chilli Flakes (0.1%)) and Condiments",100,440,13.4,0.9
741,Wingreens Farms honey-mustard-sauce,WINGREENS,SAUCE,MUSTARD SAUCE,"Water, Sunflower Oil, Mustard Powder (13.86%), Sugar, Honey (2%), Iodized Salt, Acidity Regulators (Ins260 and Ins330), Milk Solids, Thickeners (Ins1442 and Ins415), Mixed Spices and Permitted Antioxidant (Ins386)",100,278.8,29.6,3.1
742,Ching's Secret Green Chilli Sauce,CHINGS SECRET,SAUCE,GREEN CHILLI SAUCE,"Water, Green Chilli Paste (27%), Iodised Salt, Sugar, Thickener (INS 1422), Garlic Powder, Acidity Regulator (INS 296, INS 260), Emulsifying and Stabilizing Agent (INS 415), Spices (Cumin, Coriander), Preservative (INS 211), Natural Flavouring Substances",100,42.2,10.4,0.2
743,Ong's Spring Roll Sauce,ONGS,SAUCE,SPRING ROLL SAUCE,"Acidity Regulator, Garlic, Limr, Red Chillies, Rice Vinegar, Salt, Soy Bean Extract, Sugar, Tapioca Flour, Thickener, Water",16,22.4,5.4,0.2
744,Ong's Bird Eye Chilli Sauce,ONGS,SAUCE,CHILLI SAUCE,"Acidity Regulators (INS 330, INS 331), Garlic, Red Chillies (163%), Rice Vinegar, Salt, Sugar, Thickener (INS 1442), Water",16,9.8,1.5,0.3
745,Dr. Oetker FunFoods Pizza Topping All-in-One Sauce,DR OETKERS FUNFOODS,SAUCE,SAUCE,"Water, Tomato Paste (26%), Sugar, Refined Soybean Oil, Milk Solids, Onions, Iodised Salt, Vegetables (2.9%), Mixed Spices, Cheese (1%), Acidity Regulators (INS 260, INS 330), Herb, Antioxidant (INS 319)",208.6,24.1,4.5,10.5
746,Saucery Roasted Garlic And Spring Onion Dip,WINGREENS,SAUCE,ONION AND GARLIC DIP,"Fresh Spring Onion, Roasted Garlic, Salt, Yogurt",100,162.16,10.05,5.56
747,Wingreens Farms Premium Veg Mayo,WINGREENS,SAUCE,MAYONNAISE,"Water, Refined Sunflower Oil, Sugar, Thickeners (INS 1442 & INS 415), Iodized Salt, Milk Solids, Acidity Regulators (INS 260, INS 270 & INS 330), Mustard Powder, Lemon Juice, Preservatives (INS 202 & INS 211), Antioxidant (INS 386), Natural Flavouring Substances",100,283.1,13.8,0.4
748,Wingreens Farms Tandoori Mayo,WINGREENS,SAUCE,MAYONNAISE,"Water, Refined Sunflower Oil, Sugar, Thickeners (Ins 1442 and Ins 415), Iodized Salt, Mixed Spices, Milk Solids, Acidity Regulators (Ins 260, Ins 270 and Ins 330), Lemon Juice, Preservatives (Ins 202 and Ins 211), Antioxidant (Ins 386), Natural Flavouring Substances",100,281,14.4,1
749,Wingreens Farms Chipotle Mayo Sauce And Spread,WINGREENS,SAUCE,MAYONNAISE,"Water, Refined Sunflower Oil, Sugar, Red Chilli Paste (5.5%), Thickeners (INS 1442, INS 1422, INS 415), Iodized Salt, Garlic, Milk Solids, Acidity Regulators (INS 260, INS 270, INS 330), Mixed Spices, Lemon Juice, Preservatives (INS 202, INS 211), Antioxidant (INS 386), Natural Flavouring Substances",100,256,16.1,0.5
750,Wingreens Classic VEG Mayo,WINGREENS,SAUCE,MAYONNAISE,"Water, Refined Sunflower Oil, Sugar, Thickeners, Iodised Salt, Acidity Regulators, Lemon Juice, Preservatives, Antioxidant, and Natural Flavouring Substances",100,202,14.5,0
751,Nutella Hazelnut Spread with Cocoa,NUTELLA,SPREAD,CHOCOLATESPREAD,"Sugar, Palm Oil, Hazelnuts (13%), Skimmed Cow Milk Powder (8.7%), Low Fat Cocoa Powder (7.4%), Emulsifier (Lecithin - Ins 322), Nature Identical Flavouring Substance Vanillin",100,539,57.5,6.3
752,Hershey's Cocoa + Almond Spread,HERSHYEYS,SPREAD,CHOCOLATESPREAD,"Sugar, Edible Vegetable Oil (Palm Oil), Milk Solids, Cocoa Solids (4.6%), Almond Paste (2.7%), Hydrogenated Vegetable Fat (Palm Oil and Sesame Oil), Emulsifier (322(i)), Flavours (Artificial Flavouring Substances - Almond and VANILLA CAKE), Edible Common Salt",100,550,64,2.2
753,Eatopia Mulberry Fruit Honey Jam,EATOPIA,SPREAD,JAM,"Mulberry (70%), Multifloral Honey (29%), Thickener (Fruit Pectin), Concentrated Lemon Juice Powder",15,41.9,10.3,0.1
754,Eatopia Mixedberry Honey Jam Spread,EATOPIA,SPREAD,JAM,"Blueberries, Honey, Mulberries, Pectin, Strawberries, and Acidity Regulator",15,42.6,10.5,0.1
755,Eatopia Strawberry Fruit Honey Jam Spread,EATOPIA,SPREAD,JAM,"Concentrated Lemon Juice Powder, Fruit Pectin, Multifloral Honey, and Strawberry",15,43.1,10.8,0
756,Habanero Basil Pesto Dip,HABANERO,SPREAD,BASIL PISTO  DIP,"Water, Refined Soyabean Oil, Basil (18%), Sugar, Cashew Nuts, Iodised Salt, Milk Solids, Dehydrated Garlic, Acidity Regulator (INS 270), Natural Flavour, Thickeners (INS 1422, INS 415), Flavour Enhancer (INS 627, INS 631), Preservative (INS 211, INS 202), Spice Extracts, Nature Identical Flavour, Antioxidant (INS 386)",100,285,8.95,1.82
757,Oetker FunFoods Pesto Italian Sauce,DR OETKERS FUNFOODS,SPREAD,BASIL PISTO  DIP,"Basil Leaves (31%), Refined Soybean Oil, Cashew Nuts, Parmesan Cheese, Olive Oil, Lemon Juice, Olives, Garlic, Iodised Salt, Sugar, Antioxidants (INS 300, INS 319), Acidity Regulator (INS 330), Preservatives (INS 211, INS 202)",100,319,9.1,5.928.8
758,Habanero Jalapeno Cheese Dip,HABANERO,SPREAD,CHEESE DIP,"Water, Refined Soybean Oil, Diced Jalapeno (3%), Sugar, Iodised Salt, Acidity Regulator (INS260), Thickeners (INS1442, INS1450, INS415), Cheese Powder (2%), Tomato Paste, Milk Solids, Spices and Condiments (Garlic, Chilli Extract), Preservative (INS202, INS211), Antioxidant (INS386), Nature Identical Flavour",100,272.2,10.18,0.79
759,Veeba Sandwich Spread Cheese & Chilli,VEEBA,SPREAD,SANDWICH SPREAD,"Refined Soyabean Oil, Water, Synthetic Vinegar (Water, Acetic Acid (INS260)), Sugar, Cheese (4.0%), Milk Solids, Emulsifiers and Stabilizers (INS1442, INS1450, INS415), Red Chillies (2.25%), Iodised Salt, Tomato Paste, Spices and Condiments, Acidity Regulator (INS330), Preservatives (INS211, INS202), Antioxidant (INS319), Nature-Identical Flavouring Substances and Sequestrant (INS385)",100,386.3,10,2.2
760,Saffola Foods Honey Active ,SAFFOLA,SPREAD,HONEY,Honey (100%),100,325,81,0.25
761,Kissan Mixed Fruit Jam,KISSAN,SPREAD,JAM,"Sugar, Mixed Fruit Pulp Blend - 46% (Papaya Pulp, Pear Pulp, Apple Juice, Pineapple Juice, Orange Juice, Mango Pulp, Grape Juice), Acidity Regulator (E330), Thickener (E440), Iodised Salt, Vitamins and Mineral, Preservative (E202), Natural Flavouring Substances, Food Colour (E122)",100,285,70.5,0.3
762,Kissan Mango Jam,KISSAN,SPREAD,MANGO JAM,"Sugar, Mango Pulp (46%), Thickener (E440), Acidity Regulator (E330), Nature Identical Flavouring Substance, Preservative (E202), Food Colour (E110)",100,281,70.5,0.3
763,Dr. Oetker Funfoods Stripes - Mayo & Ketchup,DR OETKERS FUNFOODS,SPREAD,MAYO AND KETCHUP,"Refined Soybean Oil, Water, Tomatoes (19.5%), Sugar, Milk Solids, Iodised Salt, Thickeners (INS 415, INS 1422, INS 1442, INS 407), Acidity Regulators (INS 260, INS 330, INS 300), Edible Starch, Lemon Juice, Preservatives (INS 211, INS 202), Mixed Spices, Nature-Identical Flavouring Substances, Antioxidant (INS 319), Sequestrant (INS 385)",100,506.1,10.2,1.7
764,Sweetmate Sugar Free Strawberry Jam,SWEETMATE,SPREAD,STRAWBERRY JAM,"Strawberry pulp (45%), FOS, Citric acid, Sodium benzoate, Fruit Pectin thickener",100,317,78.7,0.4
765,Sweetmate Sugar Free Pineapple Jam,SWEETMATE,SPREAD,PINEAPPLE JAM,"Pineapple pulp, Fos, Acidity regulator (INS 330), Permitted class II preservative (INS 211), Thickening agent (INS 440)",100,326.71,81.27,0.4
766,ADF Soul Sriracha Dip,ADF SOUL,SPREAD,SIRRACHA DIP,"Water, Tomato Paste, Mathani Chilli, Sugar Syrup (Water, Sugar), Garlic, Sea Salt, Bird Eye Chilli, Sugar, Garlic Powder, Rice Wine Vinegar, Acidity Regulator, Liquid Glucose, Stabilizer, Flavour Enhancer, Paprika Oleoresin, Preservative",15,77,17.3,0.9
767,ADF Soul Twisty Tamarind Dip,ADF SOUL,SPREAD,TAMARIND DIP,"Water, Sugar, Tamarind (14.9%), Corn Flour, Edible Common Salt, Edible Sunflower Oil, Garlic Paste, Chilli, Ginger Paste, Cumin, Fennel, Ginger Powder, Onion Seeds, Cinnamon Powder, Stabilizer (INS 415), Preservative (INS 211)",15,227,50.8,1.2
768,Pintola Classic Peanut Butter - Creamy,PINTOLA,SPREAD,PEANUT BUTTER,"Peanuts (91%), Sugar, Stabilizer (INS471) & Iodised Salt",100,605,22,26
769,Pintola Dark Chocolate Peanut Butter,PINTOLA,SPREAD,PEANUT BUTTER,"Peanuts (68%), Dark Chocolate (30%) (Sugar, Cocoa Solids, Cocoa Butter, Emulsifier (INS 322)), Stabilizer (INS 471)",100,580,36.4,18.6
770,The Whole Truth Crunchy Unsweetened Peanut Butter,THE WHOLE TRUTH,SPREAD,PEANUT BUTTER,100% Roasted Peanuts,100,228,6.2,8.8
771,Bournvita Chocolate,CADBERY BORNVITA,INSTANT FOOD,MALT,"Cereal Extract 56% (Barley, Millets, Wheat), Sugar, Cocoa Solids, Maltodextrin, Colour (150C), Minerals, Wheat Gluten, Liquid Glucose, Emulsifiers (322, 471), Milk Solids, Vitamins, Raising Agent (500(I), Flavours (Natural, Nature Identical, Artificial (VANILLA CAKE) Flavouring Substances), and Iodised Salt",100,381,86,7
772,Horlicks Nutrition Drink Jar,HORLICKS,INSTANT FOOD,MALT,"Malt (65.6%) [Barley (31.3%), Wheat Flour (Atta), Wheat, Millet], Milk Solids (14%), Sugar, Wheat Gluten, Minerals, Emulsifier (INS 471), Edible Iodized Salt, Soy Protein Isolate, Acidity Regulators [INS 501(ii), INS 500(ii)], and Vitamins",100,377,79,11
773,Horlicks Women's Plus Caramel Drink Mix,HORLICKS,INSTANT FOOD,MALT,"Wheat flour, milk solids",100,360,68.2,15
774,Vahdam Japanese Matcha Green Tea,VAHDAM,INSTANT FOOD,MATCHA,Matcha Green Tea Powder,2,3.04,0.76,0
775,Manna Health Mix- Multigrain Drink For Kids,MANNA,INSTANT FOOD,MALT,"Millets, Cereals 82% (Ragi, Bajra, Com, Jowat Wheat, Red Rice, Barley Puises 12% (Bengal Gram, Green Gram) Sago, Nuts 2% Ground Nut, Almond, Cashewnut), and Cardamom",100,380,76,10
776,ITC Master Chef Chili Garlic Potato Shots Nuggets,ITC MASTER CHEF,INSTANT FOOD,NUGGETS,"Potato (85.4%), Refined Palmolein, Starch, Garlic Paste (2.1%) [Garlic (1.3%), Water, Vinegar, and Dextrose], Dehydrated Potato, Iodised Salt, Red Chilli (0.32%), and Onion Powder",100,177,25.5,2.5
777,Hyfun Sabudana Tikki,HYFUN,INSTANT FOOD,SABUDANA TIKKI,"Potatoes (27%), Sabudana (26%), Water (26%), Refined Vegetable Oil, Green Chilli Paste (5.4%), Potato Flakes (2.3%), Ginger Paste (1.4%), Rock Salt, Cumin Seed, Acidity Regulator (INS 330)",100,154,26.62,1.54
778,Hyfun Aloo Tikki,HYFUN,INSTANT FOOD,ALOO TIKKI,"Breadcrumbs, Potatoes, Spices",100,167,24.51,3.92
779,Hyfun Burger Patty,HYFUN,INSTANT FOOD,BURGER,"Potatoes (53%), Vegetables (18%) [Peas, Carrot, Sweet Corn], Bread Crumb [Refined Wheat Flour (Maida), Dextrose, Iodised Salt, Dried Yeast], Refined Vegetable Oil (Palmolein), Batter [Refined Wheat Flour (Maida), Corn Starch, Iodised Salt, Sugar, Thickener (INS 412)], Rice Flakes, Corn Flour, Iodised Salt, Red Chilli Flakes, Dehydrated White Onion Powder, Dehydrated Garlic Powder, Parsley Leaves",100,174,9.12,12.65
780,ITC Master Chef Peri Peri French Fries,ITC MASTER CHEF,INSTANT FOOD,FRENCH FRIES,"Potato (94%), Refined Palmolein Oil, Salt, Starch, Mixed Spices (Chilli, Pepper), Garlic Powder, Sugar, Onion Powder, Dehydrated Herb (Oregano, Parsley), Acidity Regulator (INS 330, INS 334), Anticaking Agent (INS551), and Flavour Enhancer (INS627, INS631)",100,121,21.9,3.4
781,ITC Master Chef Crispy Onion Rings,ITC MASTER CHEF,INSTANT FOOD,ONION RING,"Onion, Water, Breadcrumbs, Refined Wheat Flour, Dextrose, Iodized Salt, Mixed Spices, Yeast, Refined Palm Oil, Batter Mix, Coating Batter, Dehydrated Potato, Corn Flour, Whey Protein Concentrate, Wheat Fibre, Sugar, Dehydrated Onion",100,229,30.3,4.7
782,Hyfun Jalapeno Cheesy Pops,HYFUN,INSTANT FOOD,CHEESY POPS,"Potatoes (37%), Processed Cheese [(Cheese, Water, Milk Solids, Interesterified Vegetable Fat, Maize Starch, Emulsifiers (E452, E339), Iodised Salt, Preservative (E200), Acidifying Agent (E260)], Bread Crumbs [Wheat Flour, Yeast, Salt, Sugar, Preservative (E-282), Acidity Regulator (E260)], Edible Vegetable Oil (Refined Palmolein Oil), Batter [Wheat Flour, Starch, Maize Flour, Salt, Stabilizer (E-466)], Frozen American Sweet Corn, Diced Green Jalapeno, Cheese Powder, Chilled Water, Dehydrated Garlic Powder, Red Chilli Flakes, Iodized Salt, Parsley Leaves",100,195.9,12.72,7.5
783,McCain Smile,MCCAIN,INSTANT FOOD,POTATO FRIES,"Potato (63%), Potato Flakes (13%), Palmolein Oil, Maize Starch, Iodized Salt",100,197,30,3.5
784,McCain Mini Samosa - Cheese Corn,MCCAIN,INSTANT FOOD,MINI SAMOSA,"Refined Wheat Flour (Maida), Cheese (18.4%) (Cheddar Cheese, Milk Solids, Water, Emulsifier [INS 331 (iii)], Iodised Salt, Anticaking Agent [INS 46]), Water, Cotton Seed Oil, Corn (1.6%), Potato, Onion, Green Chilli (.7%), Iodised Salt, Black Pepper",100,294,33.2,7
785,Prasuma Pizza Minis - Veg Supreme,PRASUMA,INSTANT FOOD,MINI PIZZA,"Refined Wheat Flour, Water, Refined Soybean Oil, Iodized Salt, Bread Improver, Soya Flour, Enzymes, Sugar, Yeast, Emulsifier, Tomato, Onion, Garlic, Carrot, Oregano, Chilli Flakes, Spices, Cheese, Mushroom, Black Olives, and Jalapenos",100,226.49,9.9,10.64
786,Prasuma Pizza Minis - Paneer Tikka,PRASUMA,INSTANT FOOD,PANEER TIKKA,"Pizza Base: Refined Wheat Flour (Maida), Water, Refined Soybean Oil, lodized Salt, Bread Improver [Improver (INS 170(i), Soya Flour, Enzymes [Amylases (INS 1100(i)), Glucose Oxidase (INS 1102), Lipase (INS 1104)], Sugar, Yeast [Emulsifier (INS 491)] Toppings: Pizza Sauce {Tomato, Onion, Garlic, Carrot, Leek, Celery, Basil, Oregano, Chilli Flakes, Spices & Condiments [Flavour Enhancer (INS 631, INS 627)]}, Cheese, Paneer (5%), Jalapenos",100,320.24,32.66,15.27
787,Prasuma BBQ Chicken Bao Buns,PRASUMA,INSTANT FOOD,CHICKEN BAO BUNS,"Refined Wheat Flour (Maida), Chicken Meat, Onion, Refined Soybean Oil, Garlic, Soy Sauce, Chilli Paste, Sugar, Yeast, Butter, Baking Powder [INS 5(ii), INS 521], Ginger, Corn Flour, Fish Sauce, Spices & Condiments [Acidity Regulator (INS 33), Flavour Enhancer (INS 635), Anticaking Agent (INS 551)]",100,240.71,32.67,11.87
788,Prasuma Bao Buns - Butter Chicken,PRASUMA,INSTANT FOOD,BUTTER CHICKEN,"Refined Wheat Flour (Maida), Chicken Meat, Tomato, Cream, Butter, Ginger, Garlic, Refined Soybean Oil, Onion, Cashew, Khoya, Sugar, Yeast, Baking Powder [INS 5(ii), INS 521], Salt, Spices & Condiments [Acidity Regulator (INS 33), Flavour Enhancer (INS 635), Anticaking Agent (INS 551)], Green Chilli",100,242.59,34.46,8.75
789,Prasuma Veg Spring Rolls,PRASUMA,INSTANT FOOD,SRPING ROLL,"Refined Wheat Flour (Maida), Carrot, Onion, Glass Vermicelli (Pea starch, Tapioca Starch, Water), Black Fungus Mushroom, Cabbage, Refined Soyabean Oil, Garlic, Chilli Paste, Lemon Grass, Soy Sauce, Coconut Oil, Sodium Caseinate, Wheat Starch, Maltodextrin, Flour Treatment Agent (INS 3), Spices & Condiments",100,198.48,32.35,6.11
790,Prasuma Bao Buns - Veg Pizza,PRASUMA,INSTANT FOOD,VEG PIZZA,"Refined Wheat Flour (Maida), Tomato Puree, Cheese, Onion, Olive Oil, Leek, Celery, Jalapeno, Garlic, Sweet Corn, Sugar, Yeast, Butter, Baking Powder [INS 5(ii), INS 521)], Oregano, Spices & Condiments [Flavour Enhancer (INS 631, 627), Anticaking Agent (INS 551)], Salt, Paprika Oleoresin (INS 16c)",100,258.06,34.75,9.02
791,Prasuma Desi Chicken Momos,PRASUMA,INSTANT FOOD,CHICKEN MOMUS,"Chicken Meat, Refined Wheat Flour(Maida), Cabbage, Water, Onion, Mustard Oil, Garlic, Ginger, Chilli, Salt, Spices & Condiments, Flavour Enhancer (INS 631)",100,216.2,21.37,8.65
792,Prasuma Frozen Chicken Shammi Kabab,PRASUMA,INSTANT FOOD,KABAB,"Chicken Meat, Onion, Garlic, Ginger, Chana Dal, Egg, Corn Flour, Refined Soyabean Oil, Spices & Condiments, Emulsifier (INS 45, 451), Antioxidant (INS 3), Colour fixative (INS 25)",100,288.07,13.28,20.96
793,Prasuma Frozen Chicken Seekh Kabab,PRASUMA,INSTANT FOOD,KABAB,"Chicken Meat, Soy, Water, Onion, Garlic, Ginger, Corn Flour, Spices & Condiments",100,164.41,14.44,15.66
794,Prasuma Chilli Prawn Momos,PRASUMA,INSTANT FOOD,PRAWN MOMO,"Prawn, Refined Wheat Flour (Maida), Water, Onion, Thai Chilli Paste, Ginger, Garlic, Refined Soyabean Oil, Coriander, Salt, Spices & Condiments, Preservative (INS 211), Flavour Enhancer (INS 631, INS 627)",100,202.24,18.71,10.52
795,Prasuma Cheesy Spicy Vegetable Momos,PRASUMA,INSTANT FOOD,MOMO,"Cheese, Cabbage, Refined Wheat Flour (Maida), Butter, Sweet Corn, Carrot, Onion, Ginger, Refined Soyabean Oil, Salt, Chilli, Spices and Condiments, Flavour Enhancer (INS 631)",100,207.35,24.31,5.5
796,Prasuma Chicken Spring Rolls,PRASUMA,INSTANT FOOD,SPRING ROLL SAUCE,"Refined Wheat Flour (Maida), Chicken Meat, Onion, Cabbage, Refined Soyabean Oil, Carrot, Black Fungus Mushroom, Glass Vermicelli (Pea Starch, Tapioca Starch, Water), Chilli Paste, Garlic, Lemon Grass, Dark Soy, Coconut Oil, Sodium Caseinate, Wheat Starch, Maltodextrin, Flour Treatment Agent (INS 3), Spices & Condiments",100,197.13,27.33,8.97
797,Prasuma Chocolate Burst Bao Buns,PRASUMA,INSTANT FOOD,BAO BUNS,"Refined Wheat Flour (Maida), Sugar, Vegetable Palm & Palmolein Oil, Milk Solids, Cocoa Solids, Artificial Flavouring Substance - Butterscotch (Sugar & Cashew), Emulsifier (INS 322), Hydrogenated Vegetable Fat, Yeast, Butter, Baking Powder [INS 5(ii), INS 521]",100,476.05,51.17,7.28
798,Prasuma Original Pork Momos,PRASUMA,INSTANT FOOD,PORK MOMOS,"Pork Meat, Refined Wheat Flour(Maida), Cabbage, Onions, Chicken Meat, Water, Soy Sauce, Refined Soyabean Oil, Garlic, Ginger, Spices & Condiments",100,279,18.99,7.71
799,Prasuma Classic Mutton Momos,PRASUMA,INSTANT FOOD,MUTTON MOMOS,"Mutton Meat, Refined Wheat Flour (Maida), Cabbage, Onion, Water, Mustard Oil, Ginger, Garlic, Coriander, Green Chilli, Salt, Spice & Condiments, Flavour Enhancer (INS 631)",100,211.7,20.37,7.85
800,Prasuma Frozen Mutton Shammi Kabab,PRASUMA,INSTANT FOOD,KABAB,"Mutton Meat, Onion, Garlic, Ginger, Chana Dal, Egg, Corn Flour, Refined Soyabean Oil, Spices & Condiments, Emulsifier (INS 45, 451), Antioxidant (INS 3), Colour fixative (INS 25)",100,296.66,12.04,20.58
801,Prasuma Spiced Aloo Mini Samosa,PRASUMA,INSTANT FOOD,MINI SAMOSA,"Refined Wheat Flour (Maida), Water, Refined Vegetable Oil, Carom Seeds, Potato, Green Peas, Peanuts, Garam Masala, Cumin Seeds, Fennel Seeds, Coriander Whole, Coriander Powder, Red Chilli Powder, Turmeric Powder, Coriander Leaves, Salt, Raisin, Amchor Powder",100,258.22,57.04,7.12
802,Prasuma Chicken Mini Samosa,PRASUMA,INSTANT FOOD,MINI SAMOSA,"Refined Wheat Flour (Maida), Chicken Keema, Water, Onion, Soya Keema, Refined Sunflower Oil, Carom Seeds, Makhani Gravy, Tomato, Coriander, Garlic, Ginger, Salt, Chilli Powder, Green Peas",100,344.43,55.49,13.73
803,Britannia The Laughing Cow Processed Cream Cheese Spread,BRITANNIA,DAIRY,CHEESE ,"Prepared using Cream Cheese, Water, Iodised Salt, Preservative",100,301,2.5,7.5
804,Mooz Mozzarella & Cheddar Pizza Cheese,WOOZ,DAIRY,CHEESE ,"Pasteurised Cow milk, Salt, Starter Culture, Microbial Veg, Rennet.",100,273,2,25
805,Amul A2 Buffalo Milk Dahi,AMUL,DAIRY,CURD,"Pasteurised Buffalo Milk, Active Cultures",100,87,3.8,3.3
806,Milky Mist Pure Cream,MILKY MIST,DAIRY,CREAM,"Milk Solids, Stabilizer (INS 415)",100,245.4,3.2,1.9
807,Milky Mist Briyas Tofu Paneer,MILKY MIST,DAIRY,TOFU ,"Processed Non-Gmo Soybeans, Isolated Soy Protein, Purified Water, Firming Agent (INS 575)",100,139,6.9,15.5
808,Cremeitalia Sour Cream,CREMEITALIA,DAIRY,CREAM,"Pasteurized Cream, Milk Solid, Carbo Bean Gum, Acidity Regulator, Preservative (INS 202)",100,205,3,8
809,Amul Salted Butter,AMUL,DAIRY,BUTTER CHICKEN,"Butter, iodized salt, natural colour (annatto)",100,724,0,1
810,Britannia Breads Bombay Pav,BRITANNIA,SNACKS,BREAD,"Refined Wheat Flour (Maida), Water, Sugar, Refined Palmolein Oil, Yeast, Iodised Salt, Soya Flour, Preservative (282), Vital Gluten, Emulsifier (472e), Acidity Regulator (260), Flour Treatment Agent (510), Improvers [1100(i), 1102, 1104, and Xylanase], and Antioxidant (300)",100,288,56.2,7.6
811,English Oven Fruit Bread,ENGLISH ,SNACKS,BREAD,"Refined Wheat Flour (Maida), Water, Candied Fruit [8.6% - Papaya, Sugar, Acidity Regulator (330), Preservative (211), Permitted Synthetic Food Colour (122, 124)], Sugar, Yeast, Edible Vegetable Oils (Palm), Edible Common Salt, Peel Cut, Wheat Gluten, Soya Flour, Class II Preservative (282), Acidity Regulator (260), Emulsifiers [471, 472E, 481 (i)], Improvers [170 (i), 510, 923, 1100] Antioxidant (300) and Spice and Condiments Or Their Extracts",100,276,55.07,10.08
812,Milky Mist Greek Yogurt,MILKY MIST,DAIRY,YOGURT,"Pasteurised Double-toned Milk, Lactic Cultures, Milk Solids",100,76.8,6.5,8
813,Hatsun Fruit Yoghurt Rose And Lychee,HATSUN,DAIRY,YOGURT,"Milk Solids, Rose-lychee Preparation (13.5%) (Sugar, Lychee Pulp, Gulkand, Water, Apple Juice Concentrate, Stabiliser (440), Acidity Regulator (330), Black Carrot Concentrate, Colour (162), Natural Flavours), Sugar, Stabiliser (1422), Active Cultures",100,140,0,3
814,Hatsun Yogurt Drink Blueberry,HATSUN,DAIRY,YOGURT,"Milk Solids, Sugar, Blueberry Puree (2.(2%)), Blueberry Juice Concentrate, and Starter Culture & Natural Flavour.",100,193,35,5.3
815,Milky Mist Fruit Yogurt Strawberry,MILKY MIST,DAIRY,YOGURT,"Milk and Milk Solids, Sugar, Active Lactic Culture (L.Bacillus Delbrueckii Subsp. Bulgaricus, S.Thermophilus), Stabilizing Agent (Ins 440), Fruit Content (8%) From Strawberry Preparation (Strawberry Pieces, Sugar, Water, Stabilizer (Ins 440), Acidifying Agent (Ins 330), Preservative (Ins 202)), Colours (Ins 124, Ins 150 D, Ins 122), Flavor (Natural - Identical Flavoring Substances - Strawberry)",100,103.5,15.3,3.6
816,Arun VANILLA CAKE Ice Cream Tub,ARUN,ICEREAMES,ICECREAM,"Milk Solids, Refined Sugar, Water, Liquid Glucose, Emulsifiers (471, 477), Stabilizers (410, 412), Artificial (VANILLA CAKE) Flavoring Substances",100,307,34.2,6.1
817,Arun Chocolate Ice Cream Tub,ARUN,ICEREAMES,ICECREAM,"Milk Solids, Sugar, Water, Chocolate Sauce (4%), Chocolate Chip (4%), Cocoa Solids (2%), Liquid Glucose, Emulsifiers (471, 476, 477), Stabilizers (410, 412), Colour (150d), Artificial VANILLA CAKE Flavouring Substances",100,150.5,10.5,2.7
818,Arun Pista Ice Cream Tub,ARUN,ICEREAMES,ICECREAM,"Milk Solids, Refined Sugar, Water, Liquid Glucose, Pista (2.5%), Emulsifiers (471, 477), Stabilizers (410, 412), Colors (102, 133), Nature-Identical Flavoring Substances",100,139,14.6,2.8
819,Go Zero French VANILLA CAKE Low Calorie Guilt Free Ice Cream Tub,GO ZERO,ICEREAMES,ICECREAM,"Milk & Milk Solids (Cream, Skimmed Milk Powder), Maltitol, Oligofructose, Permitted Emulsifier (471, 433) and Stabilizer (412, 407, 461), Stevia, Contains Nature Identical VANILLA CAKE Flavouring Substances",100,91,15.6,2.4
820,Arun Icecreams Butterscotch Ice Cream Tub,ARUN,ICEREAMES,ICECREAM,"Milk Solids, Refined Sugar, Water, Liquid Glucose, Sugar Boiled Confectionery (8%) (Refined Sugar, Cashew, Milk Solids, Hydrogenated Vegetable Fat, Iodized Salt and Emulsifier (471)), Emulsifiers (471, 477), Stabilizers (410, 412), Color (102) and Artificial (Butterscotch) Flavoring Substances",100,151,18,3.2
821,Go Zero Roasted Almond Low Calorie Guilt Free Ice Cream Tub,GO ZERO,ICEREAMES,ICECREAM,"Milk & Milk Solids (Cream, Skimmed Milk Powder), Almond (7%), Maltitol, Oligofructose, Isomaltulose, Permitted Emulsifier (471, 433), Stabilizer (412, 407, 461), Stevia",100,99,14.3,3.4
822,Go Zero Mad Over Mango Low Calorie Guilt Free Ice Cream Tub,GO ZERO,ICEREAMES,ICECREAM,"Water, Maltitol, Fructooligosaccharide, Mango Pulp (20%), Lemon Juice, Permitted Stabilising Agents (412, 407, 440), Salt, and Stevia",100,72,15,2.1
823,NIC Mixed Berries Ice Cream Tub,NIC,ICEREAMES,ICECREAM,"Milk, Sugar, Dried Californian Cranberry, Dried Californian Blueberry, Processed Strawberry",100,153,18.7,3.5
824,Amul Ice Lounge Belgian Chocolate Ice Cream Tub,AMUL,ICEREAMES,ICECREAM,"Milk Solids, Sugar, Cocoa Solids, Dextrose, Emulsifiers (471, 491), Stabilizers (407, 412)",100,242,23.3,4.6
825,Dairy Day Black Currant Ice Cream Tub,DAIRY DAY,ICEREAMES,ICECREAM,"Milk Solids, Water, Sugar, Blackcurrant Fruit, Raisin, Emulsifier and Stabiliser (INS 471, 477, 412, 410), Contains Permitted Synthetic Food Colours (INS 122, 133), Added Flavour - Nature Identical and Natural Blackcurrant Flavouring Substances",100,208.32,24,3.74
826,Amul Gold Caramel Chocolate Ice Cream Tub,AMUL,ICEREAMES,ICECREAM,"Artificial Flavouring Substances (Milk Caramel Éclair), Chocolate Ripple (6%) [Cocoa Solids, Dextrose, Stabilizer (INS 440), Sugar, Water], Colour (INS 150D), Emulsifier (INS 471), Milk Chocolate Pieces (1%), Milk Solids, Stabilizers (INS 407, INS 412, INS 415, INS 466), Sugar, Cocoa Solids",100,228,26.9,3.7
827,Kwality Wall's Cadbury Crackle Tub,KWALITY WALLS CADBUARY,ICEREAMES,ICECREAM,"Added Artificial VANILLA CAKE Flavouring Substance, Added Flavours (Natural, Nature Identical and Artificial (VANILLA CAKE) Flavouring Substances), Butter (Salted), Cashew Nuts, Chocolate Coated Butterscotch Confectionery (10.1%) [Outer Layer (Milk Chocolate): Cadbury Dairy Milk (Cocoa Butter, Cocoa Solids, Emulsifiers (E442, E476), Milk Solids, Sugar). Contains Added Flavour (Natural, Nature Identical and Artificial (VANILLA CAKE) Flavouring Substances) (Allergen Information: Contains Milk.), Glazing Agent (E904), Stabilizers (E1400, E414), Inner Layer (Butterscotch Confectionery): Lodised Salt, Salt, Sugar], Chocolate Confectionery (14.6%) [Cocoa Solids, Condensed Milk, Emulsifier (E471), Liquid Glucose, Maltodextrin, Milk Chocolate, Milk Solids, Palm Oil, Sugar, Water], Cocoa Butter, Cocoa Solids, Emulsifier (E471), Palm Oil, Salt, Stabilisers (E410, E412, E407), Sugar, Vegetable Protein (Soy), Water",100,153,19.2,2.3
828,Kwality Wall's Oreo And Cream Tub,KWALITY WALLS CADBUARY,ICEREAMES,ICECREAM,"Water, Sugar, Oreo Biscuit - Crushed (13.1%) (Refined Wheat Flour, Sugar, Palmolein, Invert Syrup, Cocoa Solids (3%), Leavening Agents (E500(ii), E503(ii)), Edible Salt, Emulsifier (E322)), Palm Oil, Milk Solids, Liquid Glucose, Vegetable Protein (Soy), Emulsifier - E471, Stabilisers - E410, E412, E407",53,126,15.3,2
829,Amul Gold Butterscotch Ice Cream Tub,AMUL,ICEREAMES,ICECREAM,"Milk Solids, Sugar, Cashew Chikki (12%) (Sugar, Cashew Pieces, Liquid Glucose, Ghee), Emulsifier (471), Stabilizers (407, 466, 415, 412), Artificial Flavouring Substances (Butterscotch), and Colour (102)",100,251,26,4.1
830,Amul Chocolate Magic Sundae Ice Cream Tub,AMUL,ICEREAMES,ICECREAM,"Ice Cream (78%), Milk Solids, Sugar, Emulsifier (471), Stabilizers (407, 466, 415, 412), Artificial Flavouring Substances (VANILLA CAKE), Chocolate Topping (22%) - Cocoa Solids, Coconut Oil, Chocolate Ripple [Water, Sugar, Dextrose, Cocoa Solids, Stabilizer (440)], Milk Chocolate Chips (1.5%)",100,267,27.3,3.5
831,Amul Fruit N Nut Fantasy Ice Cream Tub,AMUL,ICEREAMES,ICECREAM,"Milk Solids, Sugar, Orange Jelly (4%), Milk Chocolate Chips (3%), Cashew Pieces (2.5%), Raisins (2.5%), Emulsifier (471), Stabilizers (407, 412, 466, 415), Artificial Flavouring Substances (Kesar Elaichi), Colours (102, 110)",100,226,23.6,4
832,NIC Chocochips Ice Cream Tub,NIC,ICEREAMES,ICECREAM,"Chocolate, Chocolate Crush, Milk, Sugar",100,204,224,4.4
833,Dairy Day Black Currant Ice Cream Tub,DAIRY DAY,ICEREAMES,ICECREAM,"Milk Solids, Water, Sugar, Cocoa Powder, Emulsifier and Stabiliser (INS 471, 477, 412, 410), Permitted Synthetic Food Colours (INS 102, 110, 122, 133, 143), and Added Flavour - Nature Identical and Artificial Chocolate Flavouring Substances",100,211.95,23.12,4.42
834,Havmor Signature Nutty Belgian Dark Chocolate Ice Cream Tub,HAVMOR,ICEREAMES,ICECREAM,"Added Water, Milk Solids, Sugar, Cocoa Solids (7.9%), Chocolate (11%) [Sugar, Cocoa Solids, Cocoa Butter, Emulsifier (INS 322, INS 476), Natural (VANILLA CAKE) Flavouring Substances], Cashews (1.8%), Almonds (1.7%), Raisins (1.6%), Emulsifiers (INS 471, INS 433) And Stabilizers (INS 466, INS 412, INS 407a, INS 410), Artificial (VANILLA CAKE) Flavouring Substances, Synthetic Food Colours (INS 110, INS 102, INS 122, INS 133)",100,200,24.1,4
835,Call Me Chunky Cookie Caramel Charms Ice Cream,CALL ME CHUNKY,ICEREAMES,ICECREAM,"Milk Solids, Cookie Caramel Paste, Edible Vegetable Oil, Edible Vegetable Fat, Caramelised Biscuits, Sugar, Maltodextrin, Dried Glucose Syrup, Whey Powder, Cocoa Butter, Caramel Sauce, Emulsifier, Natural Flavouring Substances, Water, Caramel Biscuit Crumbs, Glucose, Permitted Stabiliser",100,227,30.2,3.66
836,London Dairy Choco Brownie Delight Ice Cream Tub,LONDON DAIRY,ICEREAMES,ICECREAM,"Reconstituted Skimmed Milk, Milk Fat, Sugar, Glucose Syrup, Cocoa Powder, Cocoa Liquor, Emulsifiers (Ins 477, 471), Stabilizers (Ins 410, 412), Chocolate Brownies With Caramel Sauce (Glucose Syrup, Sugar, Water, Butter, Skimmed Milk Powder, Pasteurized Egg, Refined Wheat Flour, Cocoa Powder, Bodying Agent (Ins 422), Stabilizers (Ins 440, 401, 415), Thickener (Ins 1404), Raising Agent (Ins 500), Emulsifiers (Ins 322), Acidity Regulator (Ins 331), Edible Common Salt), Permitted Natural Colour (Ins 150C), Added Flavour (Nature Identical Flavouring Substances - Chocolate, VANILLA CAKE)",100,159,20,3
837,Havmor Taj Mahal Ice Cream Tub,HAVMOR,ICEREAMES,ICECREAM,"Added Water, Almond (1.8%), Artificial (Rose) Flavoring Substances, Cashews (1.8%), Emulsifier (INS 471), Figs (1.8%), Gulkand (5.5%) (Sugar, Rose Petals), Milk Solids, Pistachio Nuts (1%), Raisins (1.8%), Rose Petals (1.2%), Saffron (<0.1%), Stabilizers (INS 410, INS 412, INS 407), Sugar",100,160.2,19.5,3
838,Milkymist Dulce De Leche Tub,MILKY MIST,ICEREAMES,ICECREAM,"Milk, Milk Solids, Sugar, Liquid Glucose, Caramel Sauce (Sugar, Milk Fat, Milk Solids, Maltodextrin, Malt Extract, Soy Lecithin (INS 322), Jaggery, and Salt), Flavour (Artificial Flavouring Substances-caramel), Emulsifier (INS 471), Stabilizers (INS 410, INS 412, INS 407), Flavour (Nature Identical Flavouring Substances-dulce De Leche)",100,249.5,21.5,5.1
839,Go Zero Mango Duet Low Calorie Guilt Free Ice Cream Stick,GO ZERO,ICEREAMES,CANDY,"Apple Concentrate, Fructooligosaccharide, Maltitol, Mango Pulp (25%), Milk & Milk Solids (Cream, Skimmed Milk Powder), Permitted Emulsifier (INS 433, INS 471) And Stabilizer (INS 407, INS 412, INS 440, INS 461), Stevia, Water",120,63,13.7,1.3
840,Arun Ibar Mini Almond Crunch Ice Cream Stick,ARUN,ICEREAMES,CHOCOBAR,"Inner Layer (59%): Ice Cream (Milk Solids, Water, Refined Sugar, Liquid Glucose, Emulsifiers (471, 477), Stabilizers (410, 412)), Outer Coating (41%): Milk Chocolate (Milk Solids, Refined Sugar, Cocoa Solids, Cocoa Butter, Emulsifiers (Soy Lecithin and 476), Nature Identical and Artificial (VANILLA CAKE) Flavoring Substances) and Almond (6%)",80,271.8,22.1,4
841,Go Zero Hazelnut Chocolate Low Calorie Guilt Free Ice Cream Bar,GO ZERO,ICEREAMES,CHOCOBAR,"Inner Ice Cream Layer (77%) - Milk and Milk Solids (Cream, Skimmed Milk Powder), Maltitol, Hazelnut Paste (9%), Oligofructose, Cocoa Solids, Permitted Emulsifier (471, 433) and Stabilizer (412, 407, 461), Coffee Powder, Stevia. Outer Layer (23%) - Chocolate Paste (Maltitol, Edible Vegetable Oil, Cocoa Solids, Soya Lecithin), Edible Vegetable Oil, Cocoa Butter, Hazelnut (2%)",100,149,15.8,2.5
842,Dairy Day New Triple Bar Ice Cream Stick,DAIRY DAY,ICEREAMES,CHOCOBAR,"Outer Layer: Choco Compound Coating (45%) (Sugar, Palm Kernel Oil, Cocoa Solids, Milk Solids, Emulsifier INS 322, Contains Nature Identical VANILLA CAKE Flavouring Substances), Wheat Crispies (3%), Inner Layer: Chocolate Frozen Dessert (55%) (Water, Milk Solids, Sugar, Edible Vegetable Oil (Palm Kernel Oil), Cocoa Powder, Emulsifier and Stabiliser (INS 471,412,453,407,401), Contains Permitted Synthetic Food Colours (INS 102,110,122,133,143) and Added Flavour - Nature Identical and Artificial Chocolate Flavouring Substances)",100,191.71,17.4,2.29
843,Kwality Wall's Magnum Chocolate Almond Ice Cream Stick,KWALITY WALLS CADBUARY,ICEREAMES,CHOCOBAR,"Water, Milk Solids, Sugar, Liquid Glucose, Emulsifier (E471), Stabilizers (E410, E412, E407), Milk Covering Chocolate (32.67%): Sugar, Cocoa Butter, Milk Solids, Cocoa Solids, Emulsifier (E322), Vanillin, and Nuts: Almonds (5.3%)",62,219,18.5,3.3
844,Amul Gold Frostik Ice Cream Stick,AMUL,ICEREAMES,CHOCOBAR,"Chocolate Stick (22%): Cocoa Solids, Sugar, Coconut Oil, Milk Solids, Cocoa Butter, Emulsifier (322), Middle Layer - Chocolate Ice Cream (58%): Milk Solids, Sugar, Cocoa Solids, Emulsifier (471), Stabilizers (407, 466, 415, 412), Outer Layer - Choco Layer Coating (20%): Cocoa Solids, Sugar, Coconut Oil, Milk Solids, Cocoa Butter, Emulsifier (322), Cashew Pieces (4.5%)",100,257,17.5,2.7
845,Hocco Choco Brownie Ice Cream Tub,HOCCO,ICEREAMES,ICECREAM,"Added Water, Milk Solids, Sugar, Chocolate Fudge (7%) (Sugar, Water, Cocoa Solids, Liquid Glucose, Milk Product, Invert Sugar, Dark Chocolate (Cocoa Mass, Sugar, Emulsifier (INS 322) CONTAINS NATURAL VANILLA CAKE FLAVOUR), Brownie (6%) (Sugar, Maida, Cocoa Solids, Milk Solids, Maltodextrin, Corn Starch, Emulsifiers (INS 471, INS 472b, INS 477), Raising Agent (INS 500 (ii), INS 450 (i), INS 341 (ii)) Stabilisers (INS 415), Salt), Choco Covering (5%) (Sugar, Edible vegetable oil (PKO), Cocoa Solids, Emulsifier (INS 322) CONTAINS NATURE IDENTICAL VANILLIN FLAVOURING SUBSTANCES),Cocoa Solids, Emulsifier (INS 471, INS 433) and Stabilisers (INS 466, INS 412, INS 407a) CONTAINS ARTIFICIAL VANILLA CAKE FLAVOURING SUBSTANCES",125,174.4,20.6,3.5
846,Go Zero Raspberry Duet Low Calorie Guilt Free Ice Cream Stick,GO ZERO,ICEREAMES,STICK,"Inner VANILLA CAKE Ice Cream Layer (50%): Milk and Milk Solids (Cream, Skimmed Milk Powder), Maltitol, Oligofructose, Permitted Emulsifier (471, 433) and Stabilizer (412, 407, 461), Stevia. Raspberry Ice Candy Layer (50%): Water, Maltitol, Oligofructose, Raspberry Pulp (12%), Apple Concentrate, Milk and Milk Solids (Cream, Skimmed Milk Powder), Permitted Emulsifier (471, 433) and Stabilizers (412, 407, 461, 440). Contains Permitted Natural Food Colour (Beetroot) and Added Natural and Nature Identical (VANILLA CAKE, Raspberry, and Strawberry) Flavouring Substances",60,63,13.9,1.3
847,Kwality Walls Magnum Pistachio Ice Cream Stick,KWALITY WALLS CADBUARY,ICEREAMES,STICK,"Medium Fat Ice Cream (64.8%): Water, Milk Solids, Sugar, Liquid Glucose, Pistachio Paste, Emulsifier (E471), Natural Flavouring Substance, Stabilizers (E412, E410, E407), Natural Colours (E160A(Ii), E141(Ii)). Outer Layer (35.2%): Milk Covering Chocolate (15.3%) (Sugar, Cocoa Butter, Milk Solids, Cocoa Solids, Emulsifier (E322), Vanillin), Milk Compound Coating (15.3%) (Sugar, Cocoa Butter, Milk Solids, Cocoa Solids, Coconut Oil, Emulsifier (E322), Vanillin), Roasted Pistachio (4.6%)",61,204,19,3.3
848,Dairy Day Nutty Ice Cream Stick,DAIRY DAY,ICEREAMES,STICK,"Outer Layer: Choco Compound Coating (25%) (Sugar, Palm Kernel Oil, Coconut Oil, Cocoa Solids, Milk Solids, Emulsifier INS 322, Contains Nature Identical VANILLA CAKE Flavouring Substances), Cashew (3%). Inner Layer: Butterscotch Flavoured Frozen Dessert (75%): Water, Milk Solids, Sugar, Edible Vegetable Oil (Palm Kernel Oil, Coconut Oil), Emulsifier and Stabilisers (INS 471, 412, 433, 407, 401), Contains Permitted Synthetic Food Colours (INS 102) and Added Flavour - Nature Identical and Artificial Butterscotch Flavouring Substances",65,175.65,15.32,2.47
849,Grameen Dry Fruit Matka Kulfi Ice Cream Cup,GRAMEEN,ICEREAMES,KULFI,"Milk, Sugar, Pistachio, Almond, Cashew, and Permitted Stabilizer (E412)",100,240.91,26.01,7.21
850,Grameen Kesar Pista Kulfi Ice Cream Stick,GRAMEEN,ICEREAMES,KULFI,"Milk, Sugar, Pistachio and Saffron",70,154,16.1,4.1
851,Grameen Desi Malai Kulfi Ice Cream Stick,GRAMEEN,ICEREAMES,KULFI,"Milk,Sugar",70,155,18.3,4.5
852,Kwality Walls Cassata,KWALITY WALLS CADBUARY,ICEREAMES,CASSATA,"Water, Cake (16%) (Water, Refined Wheat Flour (Maida), Sugar, Milk Solids, Baking Powder, Bakery Shortening (Palm Oil), Emulsifier - E475, Stabilizer - E415, Starch, Dextrose, Iodized Salt, Raising Agent - E341(ii), Maltodextrin, Nature Identical & Artificial VANILLA CAKE Flavouring Substances), Sugar, Palm Oil, Cashew Nuts (6.8%), Milk Solids, Liquid Glucose, Glazed Fruits (1.5%) (E330, E211, E129), Vegetable Protein (Soy), Emulsifier - E471, Stabilizers (E412, E417, E407, E410), Acidity Regulator - E330, Nature Identical & Artificial (Strawberry, Orange, VANILLA CAKE & Milk) Flavouring Substances, Food Colours - E102, E110, E127, E133",65,157,19.7,3.5
